county,candidate,votes,educated (bacelor and higher),persentage of white people,persentage of black people,white-black percentage difference,more w
1189,Los Angeles,Hillary Clinton,590502.0,29.7,71,9,62,True
12451,Philadelphia,Hillary Clinton,212785.0,23.9,45,44,1,True
7510,Wayne,Hillary Clinton,163886.0,21.3,54,39,15,True
14611,Harris,Hillary Clinton,156729.0,28.4,70,19,51,True
1245,Orange,Donald Trump,146888.0,36.8,73,2,71,True
539,Maricopa,Donald Trump,144522.0,29.8,84,5,78,True
1279,San Diego,Hillary Clinton,139813.0,34.6,76,5,70,True
1604,Broward,Hillary Clinton,132527.0,29.9,64,28,36,True
1826,Miami-Dade,Hillary Clinton,129467.0,26.3,77,18,59,True
11059,Cuyahoga,Hillary Clinton,125914.0,29.7,64,30,34,True
12206,Allegheny,Hillary Clinton,122399.0,35.9,81,13,67,True
10199,Queens,Hillary Clinton,122386.0,30.0,49,20,28,True
6911,Prince George's,Hillary Clinton,113912.0,29.8,26,64,-37,False
14309,Dallas,Hillary Clinton,113574.0,28.6,68,23,44,True
1309,Santa Clara,Hillary Clinton,109963.0,46.5,56,2,53,True
6906,Montgomery,Hillary Clinton,109304.0,57.1,62,18,43,True
1099,Alameda,Hillary Clinton,107102.0,41.8,51,12,39,True
1868,Palm Beach,Hillary Clinton,103369.0,32.4,76,18,57,True
17147,Dane,Bernie Sanders,102585.0,46.6,86,5,80,True
11103,Franklin,John Kasich,101217.0,36.4,69,22,47,True
17288,Milwaukee,Hillary Clinton,100932.0,28.1,65,27,38,True
10017,Bronx,Hillary Clinton,95772.0,18.1,45,43,2,True
7396,Oakland,Hillary Clinton,92296.0,43.1,76,14,62,True
15443,Tarrant,Ted Cruz,88867.0,29.5,75,16,59,True
12144,Multnomah,Bernie Sanders,87247.0,39.9,80,5,74,True
16107,Fairfax,Hillary Clinton,86898.0,58.6,66,10,56,True
1284,San Francisco,Hillary Clinton,85070.0,52.4,53,5,48,True
1260,Riverside,Donald Trump,82814.0,20.5,80,7,73,True
2390,Fulton,Hillary Clinton,82576.0,48.2,46,44,2,True
2278,DeKalb,Hillary Clinton,82348.0,39.7,36,54,-18,False
11415,Summit,John Kasich,79040.0,29.6,79,14,65,True
10848,Wake,Hillary Clinton,77927.0,48.0,69,21,47,True
14015,Bexar,Hillary Clinton,76502.0,26.3,85,8,76,True
17426,Waukesha,Ted Cruz,75123.0,40.2,93,1,92,True
9773,Essex,Hillary Clinton,75071.0,32.0,49,41,7,True
15486,Travis,Bernie Sanders,73889.0,44.9,80,8,71,True
6846,Baltimore,Hillary Clinton,73099.0,35.7,63,27,35,True
10656,Mecklenburg,Hillary Clinton,71265.0,40.7,59,32,27,True
1274,San Bernardino,Hillary Clinton,71246.0,18.7,77,9,67,True
10148,Nassau,Hillary Clinton,70947.0,41.5,76,12,63,True
1129,Contra Costa,Hillary Clinton,69809.0,39.0,67,9,57,True
10286,Westchester,Hillary Clinton,69628.0,45.4,74,16,58,True
10247,Suffolk,Donald Trump,69379.0,32.9,85,8,76,True
1736,Hillsborough,Hillary Clinton,68936.0,29.5,75,17,57,True
1264,Sacramento,Hillary Clinton,68248.0,28.0,64,10,53,True
11139,Hamilton,John Kasich,67510.0,33.7,69,26,42,True
255,Jefferson,Hillary Clinton,67357.0,30.0,54,42,11,True
13797,Shelby,Hillary Clinton,66465.0,29.0,42,53,-11,False
3492,DuPage,Bernie Sanders,65159.0,46.3,81,5,75,True
16697,King,Donald Trump,64740.0,46.6,70,6,63,True
1880,Pinellas,Hillary Clinton,63699.0,27.5,83,10,72,True
7319,Macomb,Donald Trump,60492.0,22.5,82,11,71,True
4215,Marion,Hillary Clinton,59649.0,27.4,66,27,38,True
1658,Duval,Hillary Clinton,58632.0,26.4,62,30,31,True
553,Pima,Hillary Clinton,56317.0,29.8,85,4,81,True
9748,Bergen,Hillary Clinton,55264.0,45.9,74,6,67,True
1779,Lee,Donald Trump,51659.0,24.7,87,9,77,True
12242,Bucks,Donald Trump,51433.0,35.8,89,4,85,True
10077,Erie,Hillary Clinton,50199.0,30.9,80,13,66,True
9783,Hudson,Hillary Clinton,49798.0,36.3,65,15,50,True
3650,Lake,Hillary Clinton,49750.0,41.9,82,7,74,True
8381,Jackson,Hillary Clinton,48860.0,27.6,70,24,46,True
16747,Pierce,Donald Trump,48071.0,24.0,76,7,68,True
9798,Middlesex,Hillary Clinton,47978.0,40.1,62,11,50,True
1299,San Mateo,Hillary Clinton,47358.0,44.4,62,3,59,True
3949,Will,Bernie Sanders,46305.0,32.3,80,11,68,True
14216,Collin,Ted Cruz,46094.0,49.3,74,9,64,True
1374,Ventura,Hillary Clinton,45848.0,31.4,84,2,82,True
1599,Brevard,Donald Trump,45483.0,26.3,83,10,73,True
1339,Sonoma,Hillary Clinton,44923.0,32.2,87,1,85,True
12311,Delaware,Hillary Clinton,44775.0,35.0,71,21,49,True
9814,Ocean,Donald Trump,44672.0,25.4,92,3,89,True
9758,Camden,Hillary Clinton,43720.0,29.1,70,21,48,True
13377,Davidson,Hillary Clinton,43691.0,35.9,65,28,37,True
7263,Kent,Bernie Sanders,43375.0,31.7,83,10,72,True
12532,York,Donald Trump,41948.0,22.0,89,6,83,True
12114,Lane,Bernie Sanders,41883.0,27.7,90,1,89,True
12184,Washington,Bernie Sanders,41841.0,39.4,82,2,80,True
9838,Union,Hillary Clinton,40972.0,31.8,68,23,44,True
14660,Hidalgo,Hillary Clinton,40276.0,15.9,97,0,96,True
14342,Denton,Ted Cruz,39404.0,40.5,79,9,69,True
2201,Cobb,Hillary Clinton,39277.0,43.7,64,27,37,True
12867,Richland,Hillary Clinton,39243.0,36.1,47,46,0,True
1561,New Castle,Hillary Clinton,38580.0,33.8,67,24,42,True
9809,Morris,Donald Trump,38252.0,50.0,84,3,80,True
9848,Bernalillo,Bernie Sanders,38247.0,32.1,84,3,81,True
12377,Lancaster,Donald Trump,38171.0,24.2,90,4,85,True
7503,Washtenaw,Bernie Sanders,38063.0,51.3,74,12,61,True
10542,Guilford,Hillary Clinton,37880.0,33.2,58,34,24,True
1145,Fresno,Donald Trump,37672.0,19.6,77,5,71,True
2439,Gwinnett,Hillary Clinton,37465.0,33.9,58,27,31,True
16772,Spokane,Donald Trump,37357.0,28.4,89,1,87,True
10138,Monroe,Hillary Clinton,37309.0,35.8,77,16,61,True
14401,El Paso,Hillary Clinton,36067.0,20.7,92,4,88,True
10488,Durham,Hillary Clinton,35845.0,45.1,53,38,14,True
6841,Anne Arundel,Hillary Clinton,35659.0,37.1,76,16,59,True
15768,Salt Lake,Bernie Sanders,35610.0,31.0,88,2,86,True
12272,Chester,Donald Trump,35577.0,48.5,86,6,80,True
16767,Snohomish,Donald Trump,35474.0,28.9,80,3,77,True
9804,Monmouth,Donald Trump,35209.0,41.4,84,7,77,True
992,Pulaski,Hillary Clinton,34862.0,31.2,59,36,23,True
1917,Sarasota,Donald Trump,34593.0,30.8,91,5,86,True
11858,Oklahoma,Hillary Clinton,34255.0,29.6,71,15,55,True
1953,Volusia,Donald Trump,34167.0,20.8,84,11,73,True
1170,Kern,Donald Trump,33838.0,15.0,82,6,76,True
1875,Pasco,Donald Trump,33536.0,20.4,89,5,83,True
11409,Stark,John Kasich,33297.0,21.1,88,7,80,True
1887,Polk,Donald Trump,33187.0,18.1,79,15,64,True
16642,Clark,Donald Trump,32947.0,26.0,87,2,85,True
9753,Burlington,Hillary Clinton,32712.0,34.6,74,17,56,True
12522,Westmoreland,Donald Trump,32145.0,25.3,95,2,92,True
11239,Lucas,Hillary Clinton,32137.0,23.4,75,19,55,True
1334,Solano,Hillary Clinton,31753.0,24.3,60,14,45,True
14462,Fort Bend,Ted Cruz,31422.0,41.4,57,21,36,True
7755,Hinds,Hillary Clinton,31386.0,27.4,27,70,-43,False
7168,Genesee,Hillary Clinton,31284.0,18.9,75,20,54,True
3625,Kane,Bernie Sanders,31085.0,31.7,87,6,80,True
9711,Rockingham,Bernie Sanders,31080.0,37.2,95,0,94,True
10361,Buncombe,Bernie Sanders,30913.0,33.8,89,6,83,True
6896,Howard,Hillary Clinton,30873.0,60.0,60,18,41,True
15807,Utah,Ted Cruz,30637.0,36.5,93,0,92,True
8641,St. Charles,Donald Trump,30489.0,35.1,90,4,86,True
1635,Collier,Donald Trump,30071.0,31.7,89,7,82,True
3983,Allen,Ted Cruz,29963.0,26.3,80,12,68,True
9818,Passaic,Hillary Clinton,29538.0,25.6,75,14,60,True
9793,Mercer,Hillary Clinton,29505.0,38.8,65,21,44,True
339,Mobile,Hillary Clinton,28927.0,20.7,60,35,24,True
12227,Berks,Donald Trump,28719.0,22.3,88,6,82,True
12397,Luzerne,Donald Trump,28660.0,21.0,91,4,87,True
11007,Butler,John Kasich,28606.0,27.4,86,8,78,True
16205,Henrico,Hillary Clinton,28121.0,39.7,59,30,29,True
12029,Clackamas,Bernie Sanders,27969.0,31.8,90,1,89,True
11982,Tulsa,Ted Cruz,27829.0,29.7,73,10,62,True
1784,Leon,Hillary Clinton,27333.0,44.2,62,31,31,True
1199,Marin,Hillary Clinton,27238.0,54.6,86,2,83,True
8331,Greene,Ted Cruz,26784.0,28.3,91,3,88,True
12627,Charleston,Hillary Clinton,26535.0,39.4,67,28,39,True
12757,Horry,Donald Trump,26445.0,22.7,82,13,68,True
16415,Prince William,Hillary Clinton,26439.0,38.1,64,21,42,True
1809,Manatee,Donald Trump,26320.0,26.6,86,9,77,True
1923,Seminole,Donald Trump,25763.0,35.0,80,12,68,True
1250,Placer,Donald Trump,25700.0,35.1,85,1,84,True
17111,Brown,Ted Cruz,25612.0,26.8,88,2,86,True
15953,Arlington,Hillary Clinton,25561.0,71.7,76,9,67,True
1313,Santa Cruz,Bernie Sanders,25171.0,37.0,87,1,86,True
2187,Clayton,Hillary Clinton,25130.0,18.0,23,68,-44,False
1289,San Joaquin,Hillary Clinton,25118.0,18.1,68,8,59,True
12733,Greenville,Donald Trump,24913.0,31.2,76,18,58,True
10500,Forsyth,Hillary Clinton,24446.0,31.9,67,27,40,True
1899,St. Johns,Donald Trump,24205.0,41.4,89,5,83,True
15625,Williamson,Ted Cruz,23880.0,38.0,83,6,76,True
7442,Ottawa,Ted Cruz,23862.0,30.0,92,1,91,True
313,Madison,Donald Trump,23791.0,38.5,69,24,44,True
9192,Douglas,Donald Trump,23754.0,36.4,81,11,69,True
12,Baldwin,Donald Trump,23618.0,27.7,87,9,77,True
1304,Santa Barbara,Hillary Clinton,23543.0,31.3,85,2,83,True
12371,Lackawanna,Hillary Clinton,22971.0,25.7,92,3,89,True
7215,Ingham,Bernie Sanders,22909.0,36.5,77,12,64,True
11451,Warren,John Kasich,22870.0,37.9,90,3,86,True
10452,Cumberland,Hillary Clinton,22744.0,22.7,53,37,15,True
16051,Chesterfield,Hillary Clinton,22674.0,36.3,69,23,46,True
15387,Smith,Ted Cruz,21804.0,24.5,78,17,60,True
6892,Harford,Donald Trump,21771.0,32.7,80,13,67,True
11235,Lorain,John Kasich,21544.0,22.2,86,8,77,True
12307,Dauphin,Donald Trump,21253.0,28.5,74,18,55,True
16275,Loudoun,Hillary Clinton,21171.0,57.9,70,7,62,True
11251,Mahoning,Hillary Clinton,21000.0,20.8,80,15,65,True
3848,St. Clair,Hillary Clinton,20987.0,25.3,65,30,35,True
13575,Knox,Donald Trump,20985.0,34.3,86,9,77,True
12392,Lehigh,Donald Trump,20891.0,28.1,84,8,76,True
1665,Escambia,Donald Trump,20856.0,23.7,69,22,47,True
3430,Champaign,Bernie Sanders,20581.0,42.4,73,12,61,True
10006,Albany,Bernie Sanders,20422.0,38.8,77,13,63,True
10164,Onondaga,Hillary Clinton,20397.0,33.1,80,11,69,True
14127,Cameron,Hillary Clinton,20326.0,15.4,97,0,96,True
3121,Ada,Ted Cruz,20156.0,36.0,92,1,91,True
7251,Kalamazoo,Bernie Sanders,20146.0,34.0,82,11,70,True
6226,Fayette,Hillary Clinton,20014.0,40.1,78,15,63,True
14055,Brazoria,Ted Cruz,19993.0,27.5,77,13,64,True
2145,Chatham,Hillary Clinton,19898.0,31.3,54,40,14,True
9828,Somerset,Hillary Clinton,19667.0,51.1,71,9,61,True
1629,Clay,Donald Trump,19374.0,24.0,82,10,71,True
1295,San Luis Obispo,Donald Trump,19313.0,31.5,89,2,86,True
12437,Northampton,Donald Trump,19285.0,26.6,88,6,82,True
14967,Lubbock,Ted Cruz,19163.0,27.9,87,7,79,True
4326,St. Joseph,Donald Trump,19059.0,26.5,81,13,67,True
17346,Racine,Ted Cruz,18698.0,23.0,84,11,72,True
17311,Outagamie,Ted Cruz,18621.0,26.4,91,1,90,True
11265,Medina,John Kasich,18572.0,29.6,95,1,94,True
15578,Webb,Hillary Clinton,18559.0,17.2,97,0,96,True
4131,Hendricks,Donald Trump,18555.0,32.2,89,6,83,True
2168,Cherokee,Donald Trump,18460.0,34.2,89,6,82,True
1905,St. Lucie,Donald Trump,18350.0,19.5,75,20,54,True
9701,Merrimack,Bernie Sanders,18076.0,33.3,95,1,93,True
9778,Gloucester,Hillary Clinton,17954.0,28.4,83,10,73,True
9051,Yellowstone,Donald Trump,17925.0,28.7,91,0,90,True
11419,Trumbull,Hillary Clinton,17903.0,17.0,88,8,80,True
17437,Winnebago,Bernie Sanders,17818.0,25.5,93,2,91,True
1567,Sussex,Donald Trump,17794.0,22.2,82,12,69,True
1845,Okaloosa,Donald Trump,17770.0,27.4,81,10,71,True
1929,Sumter,Donald Trump,17769.0,25.2,89,8,81,True
1574,Alachua,Hillary Clinton,17733.0,40.5,70,20,50,True
1140,El Dorado,Donald Trump,17651.0,32.0,89,1,88,True
15712,Davis,Ted Cruz,17528.0,34.1,92,1,91,True
14497,Galveston,Ted Cruz,17483.0,28.5,80,13,66,True
11223,Licking,John Kasich,17357.0,21.9,92,3,89,True
17352,Rock,Bernie Sanders,17337.0,19.4,90,5,85,True
4176,Johnson,Donald Trump,17218.0,26.8,93,1,91,True
11030,Clermont,Donald Trump,17186.0,25.6,95,1,94,True
1229,Monterey,Hillary Clinton,17126.0,23.0,82,3,79,True
569,Yavapai,Donald Trump,17005.0,24.2,93,0,92,True
10210,Rockland,Hillary Clinton,16966.0,40.4,77,13,64,True
17316,Ozaukee,Ted Cruz,16919.0,44.9,94,1,93,True
12467,Schuylkill,Donald Trump,16800.0,14.3,94,3,91,True
16782,Thurston,Donald Trump,16639.0,32.3,82,3,79,True
6862,Carroll,Donald Trump,16534.0,32.7,92,3,89,True
16797,Whatcom,Donald Trump,16533.0,31.9,87,1,86,True
1617,Charlotte,Donald Trump,16525.0,21.2,90,6,84,True
3693,McHenry,Donald Trump,16514.0,32.4,93,1,92,True
1862,Osceola,Hillary Clinton,16512.0,17.6,80,13,66,True
11576,Cleveland,Bernie Sanders,16428.0,31.4,80,4,75,True
12805,Lexington,Donald Trump,16361.0,28.7,80,15,65,True
16702,Kitsap,Donald Trump,16346.0,29.5,83,2,80,True
2817,Richmond,Hillary Clinton,16269.0,20.5,39,55,-16,False
4073,Elkhart,Ted Cruz,16204.0,18.2,89,6,83,True
4291,Porter,Donald Trump,16194.0,25.4,92,3,89,True
9971,Santa Fe,Hillary Clinton,16087.0,39.7,91,1,89,True
1821,Martin,Donald Trump,16065.0,29.9,90,5,84,True
1911,Santa Rosa,Donald Trump,16044.0,25.9,87,6,80,True
9721,Strafford,Bernie Sanders,15865.0,31.8,93,1,92,True
1115,Butte,Donald Trump,15695.0,24.4,86,1,84,True
15144,Nueces,Hillary Clinton,15662.0,20.0,91,4,86,True
2495,Henry,Hillary Clinton,15639.0,26.1,53,40,12,True
17386,Sheboygan,Ted Cruz,15545.0,22.4,91,1,89,True
1725,Hernando,Donald Trump,15479.0,15.5,90,5,84,True
11091,Fairfield,John Kasich,15478.0,26.0,89,7,82,True
1345,Stanislaus,Donald Trump,15390.0,16.4,84,3,80,True
7301,Livingston,Donald Trump,15359.0,32.9,96,0,96,True
1365,Tulare,Donald Trump,15334.0,13.3,88,2,86,True
12885,Spartanburg,Donald Trump,15249.0,21.3,74,21,53,True
1623,Citrus,Donald Trump,15232.0,16.6,93,3,90,True
17242,La Crosse,Bernie Sanders,15139.0,29.9,91,1,90,True
6871,Charles,Hillary Clinton,15132.0,26.7,48,43,4,True
6882,Frederick,Donald Trump,15076.0,38.2,82,9,73,True
8152,Boone,Bernie Sanders,15076.0,47.3,82,9,73,True
16627,Benton,Donald Trump,14943.0,28.9,91,1,89,True
16807,Yakima,Donald Trump,14872.0,15.5,88,1,86,True
1320,Shasta,Donald Trump,14822.0,18.8,88,1,87,True
1421,Denver,Bernie Sanders,14624.0,42.9,80,10,70,True
17232,Kenosha,Bernie Sanders,14612.0,23.2,87,7,80,True
4381,Vanderburgh,Donald Trump,14544.0,22.6,86,9,77,True
1587,Bay,Donald Trump,14426.0,21.1,82,11,71,True
14988,McLennan,Ted Cruz,14285.0,21.7,80,15,65,True
12061,Deschutes,Donald Trump,14264.0,31.0,94,0,94,True
9681,Grafton,Bernie Sanders,14258.0,37.7,93,1,92,True
544,Mohave,Donald Trump,14154.0,11.9,92,1,90,True
14013,Bell,Ted Cruz,13994.0,21.7,67,22,45,True
16908,Kanawha,Donald Trump,13936.0,25.0,88,7,81,True
7967,Rankin,Donald Trump,13729.0,28.5,77,20,57,True
1749,Indian River,Donald Trump,13678.0,26.6,87,9,77,True
12387,Lebanon,Donald Trump,13490.0,19.4,93,3,90,True
17271,Marathon,Ted Cruz,13414.0,22.2,91,0,90,True
8929,Missoula,Bernie Sanders,13271.0,39.1,92,0,91,True
1153,Humboldt,Bernie Sanders,13245.0,27.5,84,1,82,True
13771,Rutherford,Donald Trump,13229.0,28.3,79,14,65,True
3702,McLean,Ted Cruz,13085.0,42.8,84,7,76,True
17172,Eau Claire,Bernie Sanders,13058.0,31.0,92,1,91,True
14237,Comal,Ted Cruz,13004.0,33.3,94,2,91,True
12216,Beaver,Hillary Clinton,12963.0,21.9,91,6,84,True
2047,Bibb,Hillary Clinton,12944.0,22.5,42,53,-11,False
12402,Lycoming,Donald Trump,12898.0,18.8,92,4,87,True
15191,Parker,Ted Cruz,12883.0,25.0,95,1,93,True
12232,Blair,Donald Trump,12870.0,18.4,95,1,94,True
10591,Iredell,Donald Trump,12861.0,23.9,83,12,70,True
2712,Muscogee,Hillary Clinton,12801.0,22.6,47,46,1,True
17186,Fond du Lac,Ted Cruz,12750.0,20.0,95,1,93,True
10687,New Hanover,Donald Trump,12631.0,36.6,81,14,66,True
15240,Randall,Ted Cruz,12593.0,30.2,92,3,89,True
1379,Yolo,Hillary Clinton,12567.0,37.9,75,3,72,True
7750,Harrison,Donald Trump,12555.0,20.7,69,24,45,True
14399,Ellis,Ted Cruz,12546.0,20.7,87,9,77,True
2455,Hall,Donald Trump,12536.0,22.8,87,8,79,True
9661,Cheshire,Bernie Sanders,12471.0,30.4,95,0,95,True
9789,Hunterdon,Donald Trump,12450.0,47.6,92,2,89,True
10073,Dutchess,Donald Trump,12447.0,32.9,82,11,71,True
7456,Saginaw,Hillary Clinton,12348.0,19.1,76,19,57,True
7711,DeSoto,Ted Cruz,12300.0,21.6,71,24,47,True
3864,Sangamon,Ted Cruz,12261.0,32.5,83,12,70,True
559,Pinal,Donald Trump,12182.0,18.0,83,4,78,True
437,Tuscaloosa,Hillary Clinton,12136.0,27.0,66,31,35,True
7016,Worcester,Hillary Clinton,12132.0,33.8,87,5,82,True
3900,Tazewell,Ted Cruz,12085.0,23.6,96,1,94,True
14062,Brazos,Ted Cruz,12049.0,38.8,80,11,69,True
11121,Geauga,John Kasich,12034.0,35.9,96,1,95,True
3278,Kootenai,Ted Cruz,11924.0,23.3,94,0,94,True
9744,Atlantic,Donald Trump,11921.0,24.2,71,17,54,True
10740,Pitt,Hillary Clinton,11856.0,28.1,60,34,25,True
12851,Orangeburg,Hillary Clinton,11819.0,18.6,34,62,-27,False
10357,Brunswick,Donald Trump,11584.0,25.1,85,11,74,True
10265,Ulster,Bernie Sanders,11572.0,29.9,88,6,81,True
10513,Gaston,Donald Trump,11528.0,18.0,80,16,64,True
3096,Honolulu,Bernie Sanders,11458.0,32.1,23,3,20,True
3788,Peoria,Hillary Clinton,11341.0,28.9,74,18,56,True
10375,Cabarrus,Donald Trump,11300.0,25.1,77,17,60,True
10217,Saratoga,Donald Trump,11204.0,37.1,93,1,92,True
3199,Canyon,Ted Cruz,11164.0,16.8,93,0,92,True
1401,Boulder,Bernie Sanders,11142.0,58.3,90,1,89,True
8391,Jasper,Ted Cruz,11113.0,20.2,91,2,88,True
11283,Miami,John Kasich,11050.0,19.7,94,2,92,True
10405,Catawba,Donald Trump,10991.0,21.0,84,8,75,True
11475,Wood,John Kasich,10968.0,29.5,93,2,90,True
12581,Anderson,Donald Trump,10953.0,19.3,80,16,63,True
10155,Niagara,Donald Trump,10940.0,22.2,88,7,81,True
11355,Portage,John Kasich,10921.0,25.1,91,4,87,True
362,Morgan,Donald Trump,10909.0,19.9,83,12,71,True
10160,Oneida,Donald Trump,10832.0,22.4,87,6,80,True
10606,Johnston,Ted Cruz,10826.0,20.4,80,16,64,True
12252,Cambria,Donald Trump,10795.0,18.3,94,3,90,True
17411,Walworth,Ted Cruz,10719.0,26.2,96,1,94,True
8846,Flathead,Donald Trump,10642.0,28.4,95,0,94,True
152,Cullman,Donald Trump,10618.0,14.8,96,1,94,True
8229,Christian,Ted Cruz,10586.0,25.9,96,0,95,True
15058,Midland,Ted Cruz,10474.0,24.4,88,6,82,True
17156,Dodge,Ted Cruz,10431.0,15.8,94,3,91,True
12101,Josephine,Donald Trump,10325.0,17.0,93,0,92,True
4366,Tippecanoe,Donald Trump,10296.0,35.7,85,4,80,True
12265,Centre,Bernie Sanders,10269.0,40.4,88,3,84,True
3842,Rock Island,Hillary Clinton,10216.0,21.8,84,9,74,True
15450,Taylor,Ted Cruz,10160.0,24.4,86,7,78,True
7383,Muskegon,Bernie Sanders,10062.0,17.2,81,14,66,True
12547,Providence,Bernie Sanders,10006.0,26.4,79,11,68,True
2742,Paulding,Donald Trump,10002.0,23.4,78,18,60,True
12603,Beaufort,Hillary Clinton,9945.0,37.6,77,19,57,True
12202,Adams,Donald Trump,9754.0,20.4,95,1,93,True
1535,New Haven,Hillary Clinton,9710.0,32.9,78,14,64,True
13827,Sumner,Donald Trump,9708.0,23.7,89,7,82,True
1671,Flagler,Donald Trump,9684.0,23.3,83,11,72,True
2238,Coweta,Donald Trump,9593.0,26.9,77,18,59,True
4121,Hancock,Donald Trump,9520.0,26.3,95,2,92,True
4201,LaPorte,Donald Trump,9494.0,17.3,85,11,74,True
12611,Berkeley,Hillary Clinton,9471.0,21.3,68,25,43,True
9437,Sarpy,Donald Trump,9459.0,36.2,89,4,85,True
12715,Florence,Hillary Clinton,9411.0,21.3,54,42,12,True
10777,Rowan,Donald Trump,9369.0,17.0,80,16,63,True
17266,Manitowoc,Ted Cruz,9320.0,18.7,94,0,93,True
10260,Tompkins,Bernie Sanders,9298.0,49.3,81,4,77,True
14567,Guadalupe,Ted Cruz,9283.0,24.6,86,7,78,True
2224,Columbia,Donald Trump,9177.0,34.1,75,16,58,True
10021,Broome,Bernie Sanders,9176.0,26.1,87,5,81,True
334,Marshall,Donald Trump,9115.0,15.2,93,2,91,True
10753,Randolph,Donald Trump,9108.0,13.8,89,6,83,True
12126,Linn,Donald Trump,9085.0,16.9,93,0,92,True
12565,Aiken,Donald Trump,9027.0,24.0,71,25,46,True
54,Calhoun,Donald Trump,8960.0,16.1,75,21,54,True
2299,Dougherty,Hillary Clinton,8891.0,17.8,29,68,-39,False
11042,Columbiana,Donald Trump,8823.0,12.6,95,2,93,True
4186,Kosciusko,Donald Trump,8748.0,20.3,96,1,95,True
16652,Cowlitz,Donald Trump,8727.0,15.4,91,0,91,True
13820,Sullivan,Donald Trump,8718.0,20.5,95,2,92,True
194,Etowah,Donald Trump,8657.0,14.8,81,15,65,True
14546,Grayson,Ted Cruz,8647.0,19.6,88,6,82,True
16200,Hanover,Donald Trump,8586.0,35.5,86,9,77,True
13911,Wilson,Donald Trump,8570.0,26.0,89,6,82,True
10680,Nash,Hillary Clinton,8554.0,19.2,56,39,17,True
4391,Vigo,Donald Trump,8539.0,21.2,88,7,81,True
180,Elmore,Donald Trump,8525.0,21.0,76,21,54,True
16717,Lewis,Donald Trump,8513.0,14.0,92,0,92,True
1238,Nevada,Bernie Sanders,8472.0,32.3,93,0,93,True
10764,Robeson,Hillary Clinton,8457.0,12.5,32,24,7,True
12106,Klamath,Donald Trump,8451.0,19.7,89,0,88,True
446,Walker,Donald Trump,8394.0,10.5,91,6,84,True
14553,Gregg,Ted Cruz,8363.0,19.9,75,20,54,True
10699,Onslow,Donald Trump,8343.0,18.0,76,15,60,True
9764,Cape May,Donald Trump,8338.0,28.7,91,5,86,True
8851,Gallatin,Donald Trump,8313.0,46.0,95,0,94,True
10570,Henderson,Ted Cruz,8301.0,27.7,93,3,89,True
15918,Albemarle,Hillary Clinton,8284.0,52.2,82,9,72,True
2028,Bartow,Donald Trump,8281.0,15.9,85,10,74,True
14644,Hays,Ted Cruz,8254.0,36.7,90,4,86,True
1195,Madera,Donald Trump,8247.0,13.6,86,4,81,True
292,Limestone,Donald Trump,8198.0,22.7,82,13,68,True
243,Houston,Donald Trump,8171.0,19.7,70,26,43,True
13175,Pennington,Donald Trump,8162.0,27.8,83,1,81,True
8806,Cascade,Donald Trump,8129.0,24.6,88,1,87,True
11547,Canadian,Ted Cruz,8105.0,25.3,84,2,81,True
16961,Monongalia,Bernie Sanders,8096.0,38.1,90,3,86,True
7185,Grand Traverse,Bernie Sanders,8091.0,30.4,94,1,93,True
12442,Northumberland,Donald Trump,8087.0,14.0,95,2,92,True
14812,Kaufman,Ted Cruz,8027.0,17.6,85,10,74,True
13281,Blount,Donald Trump,8009.0,20.8,94,3,91,True
2824,Rockdale,Hillary Clinton,7930.0,26.0,44,51,-6,False
3986,Bartholomew,Donald Trump,7918.0,26.5,90,2,87,True
3001,Walton,Donald Trump,7910.0,18.4,79,17,62,True
12282,Clearfield,Donald Trump,7862.0,13.5,95,3,92,True
7085,Berrien,Donald Trump,7817.0,24.2,79,15,64,True
3175,Bonneville,Ted Cruz,7794.0,26.0,94,0,94,True
16677,Grant,Donald Trump,7778.0,14.6,92,1,90,True
13792,Sevier,Donald Trump,7686.0,15.0,95,1,94,True
8211,Cass,Ted Cruz,7671.0,23.3,92,4,88,True
12357,Indiana,Donald Trump,7585.0,21.9,94,2,91,True
12212,Armstrong,Donald Trump,7578.0,14.6,97,0,97,True
7040,Allegan,Ted Cruz,7530.0,20.2,95,1,93,True
1012,Saline,Ted Cruz,7507.0,23.4,90,6,83,True
271,Lauderdale,Donald Trump,7502.0,21.1,86,10,76,True
3637,Kendall,Bernie Sanders,7482.0,34.2,87,6,80,True
1731,Highlands,Donald Trump,7480.0,14.9,85,10,75,True
12297,Crawford,Donald Trump,7471.0,18.7,96,1,94,True
4081,Floyd,Donald Trump,7456.0,22.6,91,5,85,True
4406,Warrick,Donald Trump,7450.0,27.2,94,1,93,True
9956,Sandoval,Hillary Clinton,7448.0,28.3,79,2,76,True
7283,Lapeer,Donald Trump,7446.0,17.0,96,1,95,True
1682,Gadsden,Hillary Clinton,7446.0,14.9,42,55,-12,False
16757,Skagit,Donald Trump,7444.0,23.6,90,0,89,True
1524,Hartford,Hillary Clinton,7413.0,34.9,76,15,61,True
10302,Alamance,Hillary Clinton,7374.0,21.7,75,19,56,True
1234,Napa,Hillary Clinton,7370.0,31.3,84,2,82,True
6867,Cecil,Donald Trump,7348.0,22.2,89,6,82,True
10675,Moore,Donald Trump,7347.0,31.3,82,13,69,True
16508,Stafford,Donald Trump,7339.0,36.2,74,18,56,True
8193,Cape Girardeau,Ted Cruz,7332.0,27.4,88,7,80,True
17013,Raleigh,Donald Trump,7325.0,17.0,88,8,80,True
2719,Newton,Hillary Clinton,7269.0,19.4,53,43,10,True
14721,Hunt,Ted Cruz,7249.0,16.6,87,8,78,True
14385,Ector,Ted Cruz,7232.0,13.5,91,4,86,True
15485,Tom Green,Ted Cruz,7231.0,21.6,90,4,86,True
15296,Rockwall,Ted Cruz,7202.0,36.5,88,6,82,True
17367,Sauk,Bernie Sanders,7195.0,21.0,95,0,95,True
15697,Cache,Ted Cruz,7172.0,36.9,93,0,92,True
1214,Merced,Hillary Clinton,7169.0,12.6,82,4,77,True
12861,Pickens,Donald Trump,7136.0,23.0,89,6,82,True
2173,Clarke,Hillary Clinton,7089.0,39.5,65,27,37,True
10393,Carteret,Donald Trump,7077.0,23.9,89,6,83,True
15827,Weber,Ted Cruz,7058.0,22.7,92,1,91,True
14048,Bowie,Ted Cruz,7057.0,19.0,71,24,46,True
1175,Kings,Donald Trump,7046.0,12.9,81,7,74,True
15604,Wichita,Ted Cruz,7008.0,20.1,83,10,72,True
7155,Eaton,Bernie Sanders,7007.0,24.6,88,7,81,True
6942,Wicomico,Donald Trump,6998.0,26.3,68,25,43,True
12382,Lawrence,Donald Trump,6964.0,19.6,93,4,89,True
3657,LaSalle,Donald Trump,6950.0,15.9,95,2,92,True
12693,Dorchester,Donald Trump,6949.0,24.5,68,25,42,True
512,Coconino,Bernie Sanders,6941.0,31.1,66,1,64,True
16687,Island,Donald Trump,6930.0,31.7,86,2,83,True
15396,Starr,Hillary Clinton,6918.0,8.6,98,0,98,True
17366,St. Croix,Ted Cruz,6892.0,33.0,96,0,95,True
13936,Angelina,Ted Cruz,6875.0,15.0,81,15,65,True
10220,Schenectady,Bernie Sanders,6862.0,29.0,79,11,68,True
16501,Spotsylvania,Donald Trump,6858.0,28.2,77,16,61,True
9622,Washoe,Donald Trump,6850.0,27.3,85,2,82,True
12196,Yamhill,Donald Trump,6843.0,22.5,92,1,90,True
16637,Clallam,Donald Trump,6715.0,24.2,87,1,86,True
1459,Larimer,Bernie Sanders,6664.0,43.8,93,1,92,True
3705,Macon,Donald Trump,6655.0,22.3,78,17,61,True
10203,Rensselaer,Bernie Sanders,6649.0,28.6,87,7,80,True
4046,Dearborn,Donald Trump,6617.0,17.6,97,0,96,True
11313,Muskingum,John Kasich,6599.0,14.2,92,4,88,True
6922,St. Mary's,Donald Trump,6576.0,29.5,79,14,64,True
12222,Bedford,Donald Trump,6540.0,12.6,97,0,97,True
12237,Bradford,Donald Trump,6501.0,17.1,97,0,96,True
10494,Edgecombe,Hillary Clinton,6411.0,10.5,40,57,-17,False
3633,Kankakee,Donald Trump,6403.0,17.1,81,15,65,True
17008,Putnam,Donald Trump,6395.0,24.0,96,1,95,True
7805,Jones,Donald Trump,6388.0,16.8,68,29,39,True
6852,Calvert,Donald Trump,6360.0,30.0,81,13,68,True
14609,Hardin,Ted Cruz,6354.0,15.6,91,5,86,True
509,Cochise,Donald Trump,6339.0,22.5,87,4,83,True
425,Talladega,Donald Trump,6304.0,13.0,65,32,32,True
10627,Lincoln,Donald Trump,6293.0,19.4,91,5,85,True
8976,Ravalli,Donald Trump,6281.0,24.5,95,0,95,True
6837,Allegany,Donald Trump,6272.0,16.8,88,8,80,True
738,Faulkner,Ted Cruz,6228.0,27.2,84,11,73,True
10548,Halifax,Hillary Clinton,6224.0,11.8,40,53,-12,False
8896,Lewis and Clark,Donald Trump,6194.0,37.5,94,0,93,True
8253,Cole,Ted Cruz,6159.0,30.8,84,11,72,True
10185,Oswego,Donald Trump,6151.0,17.2,96,1,95,True
17126,Calumet,Ted Cruz,6139.0,27.6,95,0,94,True
10976,Ashtabula,Donald Trump,6127.0,12.6,93,3,89,True
13288,Bradley,Donald Trump,6103.0,18.5,91,4,86,True
1393,Arapahoe,Bernie Sanders,6086.0,38.8,78,10,67,True
1030,Sebastian,Donald Trump,6030.0,19.2,82,6,76,True
11426,Tuscarawas,Donald Trump,6025.0,15.2,96,0,96,True
13164,Minnehaha,Hillary Clinton,6018.0,29.2,88,4,83,True
9641,Belknap,Bernie Sanders,5990.0,28.0,96,0,95,True
16838,Cabell,Donald Trump,5977.0,25.8,91,5,86,True
12262,Carbon,Donald Trump,5977.0,15.1,96,1,94,True
12046,Coos,Donald Trump,5961.0,18.0,90,0,90,True
10242,Steuben,Donald Trump,5957.0,20.8,95,1,93,True
15541,Van Zandt,Ted Cruz,5954.0,13.5,93,3,90,True
14686,Hood,Ted Cruz,5948.0,24.1,96,0,95,True
3057,Whitfield,Donald Trump,5945.0,14.0,90,4,86,True
10879,Wilkes,Donald Trump,5889.0,12.5,93,4,88,True
11940,Rogers,Ted Cruz,5850.0,23.0,75,1,74,True
17129,Chippewa,Donald Trump,5832.0,18.6,95,1,93,True
10865,Watauga,Bernie Sanders,5811.0,37.9,95,1,93,True
14925,Liberty,Ted Cruz,5805.0,8.8,85,10,74,True
8590,Platte,Ted Cruz,5798.0,39.2,87,6,81,True
16237,James City,Marco Rubio,5780.0,45.8,80,13,67,True
15548,Victoria,Ted Cruz,5750.0,16.3,89,6,82,True
9962,San Juan,Donald Trump,5749.0,15.2,57,0,56,True
1159,Imperial,Hillary Clinton,5743.0,13.3,89,3,86,True
11390,Scioto,Donald Trump,5729.0,14.2,94,2,91,True
16632,Chelan,Donald Trump,5717.0,23.9,93,0,93,True
10980,Athens,Bernie Sanders,5663.0,28.2,91,2,88,True
16445,Roanoke,Donald Trump,5650.0,33.1,89,5,83,True
10447,Craven,Donald Trump,5608.0,21.0,72,21,50,True
3090,Hawaii,Bernie Sanders,5605.0,25.6,34,0,33,True
10381,Caldwell,Donald Trump,5599.0,12.5,92,5,87,True
756,Garland,Donald Trump,5538.0,20.9,87,8,79,True
7329,Marquette,Bernie Sanders,5530.0,29.1,93,1,92,True
2413,Glynn,Donald Trump,5516.0,26.1,69,26,43,True
15646,Wise,Ted Cruz,5513.0,16.1,95,1,93,True
16727,Mason,Donald Trump,5491.0,17.3,88,1,86,True
11066,Darke,Donald Trump,5437.0,11.9,97,0,97,True
12447,Perry,Donald Trump,5424.0,15.5,97,0,96,True
15219,Potter,Ted Cruz,5400.0,15.6,81,10,70,True
5,Autauga,Donald Trump,5387.0,20.9,77,18,59,True
10994,Belmont,Donald Trump,5313.0,14.4,93,4,89,True
75,Chilton,Donald Trump,5273.0,12.9,87,10,76,True
12352,Huntingdon,Donald Trump,5230.0,13.5,92,5,87,True
15121,Nacogdoches,Ted Cruz,5229.0,24.3,77,18,59,True
10801,Stanly,Donald Trump,5202.0,16.0,84,11,73,True
7823,Lamar,Donald Trump,5197.0,33.1,76,20,55,True
6917,Queen Anne's,Donald Trump,5195.0,33.2,89,6,82,True
17431,Waupaca,Ted Cruz,5194.0,16.6,97,0,97,True
2616,Lowndes,Donald Trump,5194.0,23.1,59,36,22,True
6201,Daviess,Bernie Sanders,5188.0,18.8,91,5,86,True
12457,Pike,Donald Trump,5187.0,22.5,90,6,84,True
7295,Lenawee,Donald Trump,5167.0,19.3,94,2,91,True
6376,Kenton,Hillary Clinton,5146.0,29.1,91,4,86,True
10971,Ashland,John Kasich,5139.0,19.3,97,0,96,True
15962,Augusta,Donald Trump,5117.0,19.9,93,4,89,True
3972,Woodford,Ted Cruz,5091.0,27.6,97,0,96,True
8720,Taney,Donald Trump,5086.0,18.6,94,1,93,True
16777,Stevens,Donald Trump,5075.0,18.6,89,0,88,True
12166,Umatilla,Donald Trump,5065.0,15.5,90,1,89,True
11385,Sandusky,John Kasich,5064.0,13.7,93,3,90,True
12487,Susquehanna,Donald Trump,5027.0,16.5,97,0,97,True
3909,Vermilion,Donald Trump,5021.0,13.9,83,13,69,True
11360,Preble,Donald Trump,5019.0,11.3,97,0,96,True
10989,Auglaize,John Kasich,4998.0,17.1,97,0,97,True
7006,Plymouth,Bernie Sanders,4997.0,33.5,86,10,76,True
12675,Darlington,Hillary Clinton,4988.0,17.0,56,41,15,True
10369,Burke,Donald Trump,4985.0,16.6,86,6,79,True
1370,Tuolumne,Donald Trump,4949.0,19.5,90,2,88,True
10555,Harnett,Donald Trump,4943.0,18.5,72,21,50,True
12723,Georgetown,Hillary Clinton,4931.0,22.7,65,32,32,True
11379,Ross,John Kasich,4918.0,13.7,90,6,84,True
9946,Rio Arriba,Hillary Clinton,4915.0,16.4,78,0,77,True
1120,Calaveras,Donald Trump,4902.0,21.2,91,1,90,True
16116,Fauquier,Donald Trump,4888.0,33.2,87,8,79,True
11343,Pickaway,John Kasich,4885.0,16.1,94,3,90,True
15310,Rusk,Ted Cruz,4884.0,13.8,78,17,61,True
14840,Kerr,Ted Cruz,4846.0,28.2,94,2,92,True
12502,Venango,Donald Trump,4808.0,15.4,97,1,95,True
9926,McKinley,Hillary Clinton,4761.0,11.2,18,1,17,True
10620,Lenoir,Hillary Clinton,4731.0,14.0,56,41,15,True
3362,Twin Falls,Ted Cruz,4717.0,16.3,94,0,93,True
1350,Sutter,Donald Trump,4697.0,18.7,74,2,71,True
10530,Granville,Hillary Clinton,4693.0,16.4,64,32,32,True
4066,Dubois,Donald Trump,4692.0,18.9,97,0,97,True
8160,Buchanan,Donald Trump,4691.0,20.1,89,6,83,True
13470,Hamblen,Donald Trump,4690.0,16.0,91,4,87,True
16792,Walla Walla,Donald Trump,4689.0,26.0,92,2,90,True
14779,Jim Wells,Hillary Clinton,4688.0,11.1,96,1,95,True
432,Tallapoosa,Donald Trump,4658.0,16.3,70,27,43,True
13666,Maury,Donald Trump,4655.0,17.4,84,12,72,True
1208,Mendocino,Bernie Sanders,4654.0,22.0,86,1,85,True
2021,Barrow,Donald Trump,4653.0,17.1,81,11,70,True
10038,Chautauqua,Donald Trump,4648.0,20.7,93,2,91,True
17274,Marinette,Donald Trump,4633.0,13.6,97,0,96,True
12907,Williamsburg,Hillary Clinton,4609.0,12.2,33,65,-31,False
138,Covington,Donald Trump,4608.0,14.2,84,13,71,True
16682,Grays Harbor,Donald Trump,4598.0,14.1,87,1,86,True
11397,Seneca,John Kasich,4596.0,15.3,94,2,92,True
7931,Pearl River,Donald Trump,4562.0,13.2,84,12,71,True
10842,Vance,Hillary Clinton,4561.0,11.4,46,50,-4,False
7131,Clinton,Bernie Sanders,4524.0,28.2,94,1,92,True
11989,Wagoner,Ted Cruz,4459.0,21.6,76,3,73,True
7485,Shiawassee,Bernie Sanders,4452.0,14.2,96,0,96,True
503,Apache,Hillary Clinton,4450.0,10.4,23,0,22,True
2133,Catoosa,Donald Trump,4449.0,17.5,93,2,90,True
13505,Hawkins,Donald Trump,4426.0,12.7,96,1,95,True
12845,Oconee,Donald Trump,4424.0,21.7,89,7,81,True
4256,Noble,Donald Trump,4422.0,13.2,97,0,96,True
12492,Tioga,Donald Trump,4421.0,19.1,97,0,96,True
3109,Maui,Bernie Sanders,4419.0,25.7,35,0,35,True
548,Navajo,Hillary Clinton,4415.0,14.9,51,1,49,True
17299,Oconto,Donald Trump,4409.0,14.9,96,0,96,True
3133,Bannock,Ted Cruz,4404.0,26.8,91,0,90,True
1082,White,Ted Cruz,4395.0,18.1,92,4,87,True
574,Yuma,Donald Trump,4390.0,14.3,91,2,88,True
395,Russell,Hillary Clinton,4381.0,16.0,53,42,10,True
17197,Green,Bernie Sanders,4359.0,20.6,97,0,96,True
15513,Upshur,Ted Cruz,4358.0,13.3,87,8,79,True
15032,Maverick,Hillary Clinton,4342.0,12.2,96,0,96,True
2420,Gordon,Donald Trump,4339.0,14.2,92,4,87,True
9985,Taos,Bernie Sanders,4325.0,29.5,88,0,87,True
12417,Mifflin,Donald Trump,4310.0,11.5,97,0,96,True
3786,Ogle,Ted Cruz,4307.0,19.9,96,1,95,True
110,Coffee,Donald Trump,4304.0,22.5,76,17,58,True
17167,Dunn,Bernie Sanders,4272.0,24.7,94,0,94,True
17379,Shawano,Donald Trump,4269.0,15.3,88,0,88,True
7714,Forrest,Donald Trump,4267.0,27.0,60,37,23,True
13316,Carter,Donald Trump,4266.0,15.8,96,1,95,True
2854,Spalding,Donald Trump,4257.0,14.8,63,33,30,True
4101,Gibson,Donald Trump,4237.0,16.1,95,2,93,True
8370,Howell,Donald Trump,4230.0,15.4,96,0,95,True
12277,Clarion,Donald Trump,4224.0,18.5,97,1,95,True
17099,Barron,Donald Trump,4217.0,16.2,96,1,95,True
10813,Surry,Donald Trump,4213.0,15.0,93,4,89,True
13992,Bastrop,Ted Cruz,4202.0,16.3,87,8,79,True
13617,Loudon,Donald Trump,4198.0,25.2,95,1,94,True
16389,Pittsylvania,Donald Trump,4198.0,13.7,76,21,54,True
17003,Preston,Donald Trump,4187.0,12.6,97,1,96,True
159,Dale,Donald Trump,4151.0,17.0,75,19,55,True
5651,Scott,Bernie Sanders,4144.0,31.6,86,7,79,True
14258,Cooke,Ted Cruz,4143.0,19.5,92,3,89,True
2959,Troup,Donald Trump,4140.0,18.6,60,35,25,True
8759,Webster,Ted Cruz,4124.0,15.0,96,1,95,True
10170,Ontario,Donald Trump,4122.0,31.7,94,2,91,True
689,Craighead,Ted Cruz,4108.0,24.4,82,14,67,True
4146,Huntington,Donald Trump,4100.0,16.9,97,0,96,True
9005,Silver Bow,Hillary Clinton,4089.0,22.2,94,0,93,True
13764,Robertson,Donald Trump,4077.0,17.1,89,7,81,True
11228,Logan,Donald Trump,4064.0,14.8,95,1,93,True
4433,Whitley,Ted Cruz,4064.0,16.7,97,0,96,True
8659,St. Francois,Donald Trump,4061.0,14.3,93,4,89,True
10723,Pender,Donald Trump,4033.0,21.7,79,16,62,True
878,Lonoke,Ted Cruz,4028.0,18.2,90,6,84,True
14104,Burnet,Ted Cruz,4026.0,21.9,94,2,92,True
7239,Isabella,Bernie Sanders,4024.0,25.3,88,2,86,True
6953,Barnstable,Bernie Sanders,4020.0,39.1,93,2,91,True
11187,Huron,John Kasich,4019.0,13.1,96,1,95,True
14672,Hill,Ted Cruz,4003.0,14.8,90,6,83,True
10043,Chemung,Donald Trump,3982.0,21.5,88,6,81,True
11073,Defiance,John Kasich,3956.0,16.5,95,2,93,True
10113,Herkimer,Donald Trump,3955.0,20.5,96,1,95,True
11469,Williams,John Kasich,3943.0,12.8,96,1,95,True
1355,Tehama,Donald Trump,3940.0,13.5,90,1,89,True
4396,Wabash,Donald Trump,3932.0,17.0,96,0,96,True
8708,Stone,Donald Trump,3928.0,15.2,96,0,96,True
115,Colbert,Hillary Clinton,3879.0,17.7,80,16,64,True
16983,Ohio,Donald Trump,3875.0,29.1,93,3,89,True
10559,Haywood,Bernie Sanders,3873.0,23.1,96,1,95,True
10477,Davie,Donald Trump,3847.0,24.9,90,6,83,True
12407,McKean,Donald Trump,3845.0,15.1,95,2,92,True
11168,Highland,Donald Trump,3831.0,11.4,96,1,94,True
11892,Payne,Bernie Sanders,3829.0,35.9,80,3,77,True
4423,Wells,Ted Cruz,3826.0,15.7,97,0,97,True
11617,Creek,Ted Cruz,3812.0,15.3,80,2,77,True
11590,Comanche,Bernie Sanders,3804.0,19.9,66,17,48,True
595,Baxter,Donald Trump,3798.0,16.5,96,0,96,True
10788,Sampson,Hillary Clinton,3790.0,12.6,67,27,40,True
10807,Stokes,Donald Trump,3776.0,13.4,93,4,89,True
14167,Chambers,Ted Cruz,3758.0,18.0,87,9,78,True
7493,Tuscola,Donald Trump,3750.0,12.7,96,1,95,True
9102,Buffalo,Donald Trump,3748.0,31.6,95,1,94,True
1791,Levy,Donald Trump,3745.0,11.1,87,9,77,True
12472,Snyder,Donald Trump,3745.0,16.7,97,1,95,True
12771,Kershaw,Hillary Clinton,3743.0,19.3,72,25,46,True
4316,Ripley,Donald Trump,3694.0,15.9,97,0,97,True
7497,Van Buren,Bernie Sanders,3656.0,17.9,91,4,87,True
2329,Effingham,Donald Trump,3648.0,16.8,82,14,68,True
4526,Black Hawk,Bernie Sanders,3647.0,25.3,86,9,77,True
13757,Roane,Donald Trump,3634.0,17.3,94,2,91,True
10440,Columbus,Hillary Clinton,3628.0,12.2,63,30,33,True
3554,Grundy,Donald Trump,3625.0,20.2,96,1,94,True
13834,Tipton,Donald Trump,3618.0,15.1,78,18,59,True
9860,Chaves,Donald Trump,3612.0,18.4,92,2,89,True
1110,Amador,Donald Trump,3605.0,19.3,90,2,88,True
13624,McMinn,Donald Trump,3604.0,14.3,92,4,88,True
318,Marengo,Hillary Clinton,3590.0,17.4,47,51,-3,False
12739,Greenwood,Hillary Clinton,3588.0,22.1,65,32,32,True
1330,Siskiyou,Donald Trump,3573.0,23.9,87,1,85,True
12659,Clarendon,Hillary Clinton,3564.0,13.0,49,48,0,True
6887,Garrett,Donald Trump,3564.0,18.3,97,1,96,True
7394,Newaygo,Ted Cruz,3557.0,12.9,95,1,94,True
3709,Macoupin,Bernie Sanders,3552.0,15.9,97,1,96,True
12527,Wyoming,Donald Trump,3547.0,17.4,97,0,96,True
6454,McCracken,Bernie Sanders,3541.0,22.5,85,10,74,True
10578,Hoke,Hillary Clinton,3528.0,17.2,50,34,16,True
11829,Muskogee,Bernie Sanders,3515.0,17.9,61,11,50,True
10028,Cattaraugus,Donald Trump,3503.0,17.2,92,1,90,True
16953,Mineral,Donald Trump,3481.0,13.2,94,3,91,True
7067,Barry,Donald Trump,3478.0,17.7,97,0,96,True
17397,Vernon,Bernie Sanders,3476.0,19.5,97,0,97,True
3151,Bingham,Ted Cruz,3471.0,17.3,89,0,88,True
10350,Bladen,Hillary Clinton,3442.0,10.5,60,34,26,True
11307,Morrow,John Kasich,3440.0,14.1,97,0,96,True
10891,Yadkin,Donald Trump,3436.0,13.1,94,3,90,True
8575,Phelps,Donald Trump,3425.0,27.2,90,2,88,True
14511,Gillespie,Ted Cruz,3421.0,29.2,96,0,96,True
9966,San Miguel,Hillary Clinton,3418.0,19.6,92,1,90,True
17157,Door,Bernie Sanders,3417.0,29.0,97,0,96,True
9882,Eddy,Donald Trump,3409.0,16.7,93,1,91,True
11913,Pottawatomie,Bernie Sanders,3400.0,17.6,76,3,73,True
16018,Campbell,Donald Trump,3399.0,17.1,82,14,67,True
15562,Waller,Ted Cruz,3391.0,19.0,70,25,44,True
698,Crittenden,Hillary Clinton,3379.0,13.9,45,51,-5,False
7695,Copiah,Hillary Clinton,3373.0,13.5,47,51,-4,False
15128,Navarro,Ted Cruz,3372.0,16.5,81,14,67,True
4171,Jennings,Donald Trump,3361.0,9.6,97,0,96,True
467,Winston,Donald Trump,3352.0,10.4,96,1,95,True
8569,Pettis,Donald Trump,3343.0,15.2,92,3,89,True
458,Wilcox,Hillary Clinton,3337.0,11.1,28,71,-42,False
16707,Kittitas,Donald Trump,3337.0,33.6,91,1,90,True
12034,Clatsop,Bernie Sanders,3334.0,23.2,93,0,92,True
14265,Coryell,Ted Cruz,3327.0,15.1,74,17,57,True
12789,Laurens,Donald Trump,3321.0,14.5,71,26,45,True
4051,Decatur,Donald Trump,3319.0,13.7,97,0,96,True
15692,Box Elder,Ted Cruz,3314.0,21.2,95,0,94,True
2399,Gilmer,Donald Trump,3314.0,16.4,96,0,95,True
7761,Holmes,Hillary Clinton,3301.0,12.7,16,82,-65,False
2448,Habersham,Donald Trump,3289.0,17.1,90,4,86,True
14413,Erath,Ted Cruz,3286.0,24.3,94,1,92,True
7475,Sanilac,Donald Trump,3279.0,11.4,97,0,96,True
8181,Callaway,Ted Cruz,3261.0,21.1,91,4,87,True
9937,Otero,Donald Trump,3256.0,16.6,83,4,79,True
17404,Vilas,Donald Trump,3241.0,24.1,86,0,86,True
15590,Wharton,Ted Cruz,3229.0,14.6,83,14,69,True
14693,Hopkins,Ted Cruz,3213.0,15.7,89,7,81,True
1385,Yuba,Donald Trump,3210.0,13.7,79,4,75,True
6111,Bullitt,Bernie Sanders,3210.0,12.7,96,1,95,True
13971,Austin,Ted Cruz,3201.0,18.6,87,9,77,True
13351,Cocke,Donald Trump,3200.0,9.5,95,2,93,True
17207,Iowa,Bernie Sanders,3198.0,21.7,97,0,97,True
4296,Posey,Donald Trump,3159.0,20.5,97,1,96,True
3462,Coles,Donald Trump,3156.0,24.2,93,4,88,True
3169,Bonner,Ted Cruz,3132.0,21.1,95,0,95,True
10001,Valencia,Hillary Clinton,3123.0,16.6,89,1,87,True
9907,Lea,Donald Trump,3112.0,13.3,91,4,87,True
2084,Bulloch,Donald Trump,3111.0,27.7,67,29,37,True
215,Geneva,Donald Trump,3106.0,10.4,87,9,77,True
6932,Talbot,Donald Trump,3104.0,33.3,83,13,70,True
3943,Whiteside,Bernie Sanders,3102.0,16.2,95,1,93,True
2707,Murray,Donald Trump,3084.0,9.6,95,1,94,True
980,Pope,Donald Trump,3073.0,20.7,92,3,89,True
519,Gila,Donald Trump,3065.0,16.1,80,0,79,True
7924,Panola,Hillary Clinton,3061.0,14.3,48,49,-1,False
7199,Hillsdale,Donald Trump,3060.0,15.3,97,0,96,True
12051,Crook,Donald Trump,3051.0,14.5,95,0,94,True
7373,Montcalm,Donald Trump,3051.0,13.4,95,2,92,True
15338,San Patricio,Ted Cruz,3047.0,14.7,94,2,92,True
3894,Stephenson,Ted Cruz,3038.0,17.9,86,9,77,True
10482,Duplin,Hillary Clinton,3036.0,10.4,70,26,44,True
7641,Bolivar,Hillary Clinton,3029.0,21.2,33,64,-30,False
11132,Guernsey,Donald Trump,3029.0,12.9,95,1,94,True
11899,Pittsburg,Bernie Sanders,3026.0,15.3,73,3,69,True
8702,Stoddard,Donald Trump,3024.0,13.3,97,1,95,True
10033,Cayuga,Donald Trump,3024.0,19.6,92,4,88,True
11666,Grady,Ted Cruz,3020.0,16.8,86,2,83,True
16873,Greenbrier,Donald Trump,3005.0,17.1,94,2,91,True
2357,Fannin,Donald Trump,3001.0,14.4,96,0,96,True
9824,Salem,Donald Trump,2994.0,20.4,81,14,66,True
2217,Colquitt,Donald Trump,2967.0,13.1,73,23,49,True
10734,Person,Hillary Clinton,2954.0,14.7,69,27,42,True
12056,Curry,Donald Trump,2936.0,20.7,92,0,92,True
12667,Colleton,Hillary Clinton,2932.0,14.7,58,38,20,True
10572,Hertford,Hillary Clinton,2926.0,15.4,36,59,-23,False
7618,Alcorn,Donald Trump,2901.0,17.4,85,12,73,True
11114,Gallia,Donald Trump,2900.0,15.2,94,2,92,True
7767,Humphreys,Hillary Clinton,2894.0,10.9,23,75,-51,False
1935,Suwannee,Donald Trump,2844.0,9.8,83,13,69,True
3590,Iroquois,Donald Trump,2836.0,14.6,96,1,95,True
10312,Alexander,Ted Cruz,2830.0,11.7,91,5,85,True
16732,Okanogan,Donald Trump,2828.0,16.5,82,0,81,True
2469,Haralson,Donald Trump,2818.0,14.1,92,5,87,True
15177,Palo Pinto,Ted Cruz,2813.0,15.1,94,2,91,True
7221,Ionia,Bernie Sanders,2812.0,14.0,92,4,87,True
11652,Garfield,Ted Cruz,2798.0,21.7,85,3,82,True
17229,Juneau,Donald Trump,2780.0,12.4,94,2,91,True
11048,Coshocton,Donald Trump,2747.0,12.3,96,1,95,True
4086,Fountain,Donald Trump,2742.0,11.9,97,0,97,True
899,Miller,Ted Cruz,2741.0,13.9,71,25,46,True
5696,Story,Bernie Sanders,2737.0,47.7,88,2,85,True
13400,Dickson,Donald Trump,2730.0,14.2,92,4,88,True
6575,Oldham,Hillary Clinton,2730.0,40.1,91,4,87,True
2931,Tift,Donald Trump,2697.0,16.0,66,30,36,True
950,Phillips,Hillary Clinton,2696.0,12.0,36,61,-25,False
11439,Van Wert,John Kasich,2688.0,15.4,97,1,96,True
4271,Owen,Donald Trump,2679.0,11.0,97,0,97,True
10794,Scotland,Hillary Clinton,2671.0,14.3,46,39,7,True
8726,Texas,Donald Trump,2659.0,12.0,93,3,89,True
6051,Barren,Bernie Sanders,2653.0,14.7,93,4,89,True
10465,Dare,Donald Trump,2650.0,30.6,94,3,91,True
2924,Thomas,Donald Trump,2649.0,18.1,60,36,23,True
2266,Dawson,Donald Trump,2649.0,24.4,96,0,95,True
12317,Elk,Donald Trump,2647.0,14.9,98,0,97,True
6273,Graves,Bernie Sanders,2631.0,16.9,92,4,87,True
10188,Otsego,Bernie Sanders,2623.0,26.8,94,2,92,True
16074,Culpeper,Donald Trump,2620.0,22.6,78,15,63,True
17102,Bayfield,Bernie Sanders,2604.0,28.5,86,0,85,True
7161,Emmet,Bernie Sanders,2589.0,31.8,92,0,92,True
1255,Plumas,Donald Trump,2588.0,22.6,90,1,89,True
7517,Wexford,Donald Trump,2578.0,16.8,96,0,95,True
4191,LaGrange,Donald Trump,2571.0,10.3,98,0,97,True
17,Barbour,Hillary Clinton,2567.0,13.4,50,47,2,True
10633,McDowell,Donald Trump,2552.0,13.9,92,4,88,True
12131,Malheur,Donald Trump,2543.0,13.1,92,1,90,True
10180,Orleans,Donald Trump,2532.0,16.4,90,6,83,True
13323,Cheatham,Donald Trump,2530.0,18.9,95,1,93,True
658,Cleburne,Donald Trump,2530.0,16.8,97,0,96,True
12084,Hood River,Bernie Sanders,2527.0,30.5,94,0,93,True
7817,Lafayette,Donald Trump,2521.0,37.2,72,23,48,True
6857,Caroline,Donald Trump,2521.0,15.0,81,14,67,True
16396,Powhatan,Donald Trump,2509.0,27.6,85,12,72,True
1185,Lassen,Donald Trump,2508.0,13.1,81,8,72,True
4887,Dubuque,Hillary Clinton,2504.0,27.1,93,3,90,True
7952,Pontotoc,Ted Cruz,2498.0,12.0,82,15,66,True
16228,Isle of Wight,Donald Trump,2497.0,25.5,72,23,48,True
11786,McClain,Ted Cruz,2484.0,20.4,86,0,85,True
17241,Kewaunee,Ted Cruz,2481.0,13.5,97,0,97,True
10716,Pasquotank,Hillary Clinton,2471.0,20.1,58,37,21,True
4346,Starke,Donald Trump,2456.0,12.3,97,0,97,True
7091,Branch,Donald Trump,2455.0,13.4,95,2,93,True
2623,Lumpkin,Donald Trump,2453.0,25.4,94,1,92,True
38,Bullock,Hillary Clinton,2451.0,12.5,26,70,-43,False
17392,Trempealeau,Bernie Sanders,2429.0,17.5,97,0,96,True
11961,Stephens,Ted Cruz,2428.0,17.4,86,2,84,True
227,Hale,Hillary Clinton,2426.0,12.8,40,58,-17,False
16956,Mingo,Bernie Sanders,2425.0,10.7,96,1,94,True
7985,Simpson,Donald Trump,2420.0,14.7,62,35,26,True
14728,Hutchinson,Ted Cruz,2418.0,13.5,92,3,89,True
15797,Tooele,Ted Cruz,2412.0,20.4,94,0,93,True
17254,Langlade,Donald Trump,2407.0,13.2,96,0,95,True
13407,Dyer,Donald Trump,2400.0,18.1,82,14,68,True
16480,Shenandoah,Donald Trump,2400.0,19.8,94,2,92,True
9447,Scotts Bluff,Donald Trump,2397.0,20.0,93,0,92,True
6557,Nelson,Hillary Clinton,2395.0,16.6,92,5,87,True
17434,Waushara,Donald Trump,2391.0,14.3,95,2,93,True
11872,Osage,Hillary Clinton,2390.0,16.1,66,11,55,True
12367,Juniata,Donald Trump,2390.0,11.8,97,0,96,True
7918,Oktibbeha,Hillary Clinton,2389.0,42.6,58,37,21,True
10048,Chenango,Donald Trump,2384.0,17.1,96,1,95,True
11270,Meigs,Donald Trump,2378.0,12.2,97,0,96,True
10459,Currituck,Donald Trump,2368.0,18.4,90,6,84,True
4321,Rush,Donald Trump,2362.0,15.1,97,1,96,True
7287,Leelanau,Bernie Sanders,2359.0,39.2,93,0,93,True
4341,Spencer,Donald Trump,2350.0,15.5,97,0,96,True
13750,Rhea,Donald Trump,2339.0,12.6,95,2,92,True
15331,San Jacinto,Ted Cruz,2333.0,12.0,86,10,75,True
13964,Atascosa,Ted Cruz,2333.0,14.1,95,1,94,True
8002,Sunflower,Hillary Clinton,2332.0,13.0,25,73,-47,False
12021,Baker,Donald Trump,2330.0,20.9,95,0,94,True
15881,Rutland,Bernie Sanders,2318.0,28.0,97,0,96,True
6396,Laurel,Donald Trump,2313.0,12.6,97,0,96,True
10320,Anson,Hillary Clinton,2307.0,10.2,48,48,0,False
7689,Coahoma,Hillary Clinton,2301.0,17.5,23,74,-51,False
16712,Klickitat,Donald Trump,2289.0,19.5,92,0,92,True
15737,Iron,Ted Cruz,2287.0,26.4,93,0,92,True
16622,Asotin,Donald Trump,2270.0,17.8,94,0,93,True
13985,Bandera,Ted Cruz,2268.0,21.9,96,0,95,True
6081,Boyd,Bernie Sanders,2262.0,16.3,94,3,91,True
7451,Roscommon,Donald Trump,2257.0,12.9,96,0,96,True
7901,Neshoba,Donald Trump,2249.0,12.6,60,21,39,True
7726,George,Donald Trump,2245.0,10.3,89,8,81,True
6129,Calloway,Bernie Sanders,2239.0,27.7,91,4,87,True
14378,Eastland,Ted Cruz,2221.0,16.0,94,2,92,True
2077,Bryan,Donald Trump,2214.0,30.6,78,15,63,True
16978,Nicholas,Donald Trump,2210.0,14.1,97,0,97,True
14539,Gray,Ted Cruz,2210.0,13.5,90,5,85,True
14560,Grimes,Ted Cruz,2207.0,11.1,80,16,63,True
12159,Tillamook,Bernie Sanders,2207.0,20.7,94,0,93,True
14476,Freestone,Ted Cruz,2204.0,11.7,79,16,63,True
13150,Meade,Donald Trump,2204.0,19.6,91,1,89,True
8092,Yazoo,Hillary Clinton,2203.0,11.9,40,57,-16,False
1851,Okeechobee,Donald Trump,2202.0,10.2,87,8,78,True
4161,Jay,Donald Trump,2194.0,10.0,98,0,97,True
11736,Kay,Ted Cruz,2190.0,19.5,81,2,79,True
15990,Botetourt,Donald Trump,2185.0,24.9,94,3,90,True
3408,Bureau,Donald Trump,2185.0,17.4,96,0,95,True
15086,Montague,Ted Cruz,2163.0,16.6,96,0,95,True
14953,Llano,Ted Cruz,2161.0,25.4,96,1,94,True
17206,Green Lake,Ted Cruz,2146.0,16.6,97,0,96,True
15802,Uintah,Ted Cruz,2144.0,16.2,88,0,87,True
11815,Mayes,Bernie Sanders,2144.0,15.3,67,0,67,True
10828,Transylvania,Ted Cruz,2139.0,27.6,93,4,89,True
3284,Latah,Ted Cruz,2134.0,44.1,93,1,92,True
12827,Marlboro,Hillary Clinton,2132.0,8.7,42,51,-8,False
14041,Bosque,Ted Cruz,2132.0,15.4,95,2,93,True
16878,Hampshire,Donald Trump,2125.0,8.2,97,1,95,True
15836,Bennington,Bernie Sanders,2121.0,32.3,96,1,95,True
12835,Newberry,Hillary Clinton,2118.0,18.9,65,31,34,True
6363,Jessamine,Bernie Sanders,2113.0,27.4,93,3,89,True
7343,Mecosta,Donald Trump,2113.0,21.6,93,3,90,True
15030,Matagorda,Ted Cruz,2109.0,14.5,83,11,72,True
936,Ouachita,Hillary Clinton,2095.0,15.5,57,40,16,True
3211,Cassia,Ted Cruz,2095.0,15.6,95,0,94,True
16284,Louisa,Donald Trump,2094.0,18.8,80,16,63,True
7852,Leflore,Hillary Clinton,2094.0,19.0,25,72,-47,False
13940,Aransas,Donald Trump,2091.0,21.7,92,2,90,True
7115,Cheboygan,Donald Trump,2089.0,16.3,93,0,92,True
798,Independence,Donald Trump,2077.0,14.4,94,2,92,True
14679,Hockley,Ted Cruz,2073.0,17.4,92,4,87,True
15613,Willacy,Hillary Clinton,2072.0,8.8,95,2,92,True
16802,Whitman,Donald Trump,2071.0,48.9,85,2,82,True
15913,Accomack,Donald Trump,2068.0,17.2,68,28,40,True
10344,Bertie,Hillary Clinton,2065.0,10.6,36,61,-25,False
3103,Kauai,Bernie Sanders,2049.0,25.1,33,0,33,True
7203,Houghton,Bernie Sanders,2039.0,28.9,93,0,92,True
16737,Pacific,Donald Trump,2038.0,17.8,89,1,88,True
17374,Sawyer,Donald Trump,2034.0,22.0,78,0,78,True
8018,Tate,Ted Cruz,2034.0,15.4,66,31,35,True
15506,Tyler,Ted Cruz,2032.0,11.8,86,11,74,True
122,Conecuh,Hillary Clinton,2031.0,8.8,52,46,5,True
13337,Claiborne,Donald Trump,2022.0,13.3,96,1,95,True
1269,San Benito,Hillary Clinton,2022.0,18.2,88,1,87,True
901,Mississippi,Hillary Clinton,2017.0,13.0,62,34,27,True
11174,Hocking,Donald Trump,2007.0,12.7,97,0,96,True
3008,Ware,Donald Trump,1998.0,13.9,67,29,38,True
7127,Clare,Donald Trump,1996.0,11.1,96,0,95,True
4276,Parke,Donald Trump,1996.0,13.7,95,2,93,True
10327,Ashe,Donald Trump,1993.0,19.5,97,1,96,True
8996,Sanders,Donald Trump,1992.0,16.7,91,0,91,True
16408,Prince George,Hillary Clinton,1992.0,17.9,61,32,29,True
8841,Fergus,Donald Trump,1975.0,25.5,95,0,95,True
7229,Iosco,Donald Trump,1973.0,14.0,96,0,95,True
7049,Antrim,Donald Trump,1969.0,23.8,96,0,96,True
15669,Zapata,Hillary Clinton,1969.0,8.5,98,0,98,True
16831,Brooke,Bernie Sanders,1966.0,17.0,96,1,95,True
14230,Colorado,Ted Cruz,1956.0,16.9,83,13,70,True
7145,Delta,Donald Trump,1954.0,18.2,94,0,94,True
8021,Tippah,Donald Trump,1951.0,10.3,81,16,64,True
15667,Young,Ted Cruz,1945.0,16.7,95,1,93,True
1205,Mariposa,Donald Trump,1940.0,21.3,90,1,89,True
16093,Dinwiddie,Hillary Clinton,1935.0,12.8,64,32,31,True
12747,Hampton,Hillary Clinton,1930.0,11.4,43,53,-10,False
16742,Pend Oreille,Donald Trump,1928.0,17.8,91,0,90,True
17414,Washburn,Donald Trump,1926.0,20.3,96,0,95,True
5876,Woodbury,Bernie Sanders,1920.0,20.3,88,2,86,True
2987,Upson,Donald Trump,1910.0,11.4,69,28,41,True
13442,Giles,Donald Trump,1910.0,14.6,86,10,76,True
13708,Obion,Donald Trump,1908.0,14.2,87,10,76,True
7780,Itawamba,Donald Trump,1905.0,13.5,91,6,85,True
16167,Goochland,Marco Rubio,1903.0,38.0,79,17,61,True
3614,Jersey,Donald Trump,1902.0,16.2,97,0,96,True
8941,Park,Donald Trump,1901.0,33.6,96,0,95,True
11481,Wyandot,John Kasich,1896.0,12.0,97,0,97,True
3085,Worth,Donald Trump,1890.0,8.1,69,28,40,True
15478,Titus,Ted Cruz,1890.0,13.8,84,10,74,True
7109,Charlevoix,Donald Trump,1886.0,27.0,95,0,95,True
15065,Milam,Ted Cruz,1885.0,14.4,86,10,76,True
7043,Alpena,Donald Trump,1885.0,16.0,97,0,96,True
2098,Butts,Donald Trump,1884.0,8.4,70,27,42,True
11864,Okmulgee,Bernie Sanders,1882.0,13.9,65,8,57,True
10061,Cortland,Bernie Sanders,1878.0,23.5,94,1,92,True
8768,Wright,Donald Trump,1874.0,11.1,96,0,96,True
16564,Wythe,Donald Trump,1873.0,15.0,95,2,92,True
11948,Sequoyah,Bernie Sanders,1872.0,13.3,66,2,64,True
14478,Frio,Hillary Clinton,1864.0,6.5,92,3,88,True
1689,Gilchrist,Donald Trump,1860.0,11.1,91,5,86,True
2483,Hart,Donald Trump,1858.0,15.5,78,18,59,True
3804,Piatt,Ted Cruz,1855.0,26.5,97,0,97,True
8027,Tishomingo,Donald Trump,1854.0,11.3,95,2,92,True
13631,McNairy,Donald Trump,1822.0,11.6,91,6,85,True
13848,Unicoi,Donald Trump,1813.0,12.9,98,0,97,True
7191,Gratiot,Bernie Sanders,1812.0,14.0,91,5,86,True
2014,Banks,Donald Trump,1806.0,11.6,93,2,90,True
14352,Dimmit,Hillary Clinton,1804.0,9.2,96,1,94,True
12179,Wasco,Bernie Sanders,1795.0,20.1,91,0,90,True
6418,Letcher,Bernie Sanders,1788.0,11.5,98,0,97,True
10333,Avery,Donald Trump,1785.0,20.4,93,4,89,True
8304,Dunklin,Donald Trump,1781.0,11.4,87,10,76,True
15529,Val Verde,Hillary Clinton,1777.0,15.3,95,2,93,True
15941,Amherst,Donald Trump,1777.0,17.4,77,19,58,True
10663,Mitchell,Donald Trump,1775.0,16.9,96,0,96,True
7175,Gladwin,Donald Trump,1774.0,11.8,97,0,97,True
80,Choctaw,Hillary Clinton,1772.0,11.8,56,42,14,True
9442,Saunders,Donald Trump,1772.0,24.4,97,0,97,True
13449,Grainger,Donald Trump,1767.0,10.5,97,0,97,True
13890,Weakley,Donald Trump,1764.0,20.1,88,8,80,True
677,Conway,Hillary Clinton,1755.0,14.7,85,11,73,True
4386,Vermillion,Donald Trump,1748.0,13.0,98,0,97,True
12432,Montour,Donald Trump,1744.0,26.8,94,1,92,True
16487,Smyth,Donald Trump,1744.0,15.0,95,2,93,True
17066,Wetzel,Bernie Sanders,1744.0,10.2,98,0,97,True
17023,Ritchie,Donald Trump,1740.0,10.6,98,0,98,True
15522,Uvalde,Hillary Clinton,1740.0,14.5,96,1,94,True
14863,Kleberg,Hillary Clinton,1738.0,23.6,90,4,86,True
2805,Rabun,Donald Trump,1732.0,26.6,95,1,93,True
7738,Grenada,Donald Trump,1727.0,14.7,56,42,13,True
7259,Kalkaska,Donald Trump,1724.0,12.1,96,0,95,True
13489,Hardeman,Hillary Clinton,1721.0,9.8,56,41,14,True
6099,Breathitt,Bernie Sanders,1716.0,9.8,97,0,97,True
12587,Bamberg,Hillary Clinton,1715.0,17.5,37,61,-24,False
14097,Burleson,Ted Cruz,1711.0,11.6,84,13,70,True
7151,Dickinson,Donald Trump,1708.0,20.0,96,0,96,True
14896,Lampasas,Ted Cruz,1705.0,19.8,90,4,86,True
10398,Caswell,Hillary Clinton,1701.0,9.0,64,33,30,True
1150,Glenn,Donald Trump,1699.0,14.6,90,1,88,True
7406,Oceana,Ted Cruz,1698.0,15.0,95,0,94,True
14532,Gonzales,Ted Cruz,1698.0,14.5,89,7,81,True
14125,Callahan,Ted Cruz,1689.0,14.7,95,1,93,True
8292,Dent,Donald Trump,1688.0,11.4,95,0,95,True
2747,Peach,Hillary Clinton,1675.0,19.2,51,45,6,True
2161,Chattooga,Donald Trump,1674.0,7.7,86,10,76,True
17339,Price,Donald Trump,1673.0,15.3,96,0,96,True
1959,Wakulla,Donald Trump,1664.0,17.2,81,15,66,True
9011,Stillwater,Donald Trump,1658.0,22.1,96,0,96,True
6291,Greenup,Bernie Sanders,1655.0,15.7,97,1,96,True
7077,Benzie,Bernie Sanders,1650.0,24.9,96,0,95,True
6088,Boyle,Hillary Clinton,1648.0,22.8,88,7,81,True
1513,Weld,Bernie Sanders,1647.0,25.9,93,1,91,True
7323,Manistee,Bernie Sanders,1646.0,19.1,92,3,88,True
8121,Audrain,Ted Cruz,1642.0,13.1,90,6,83,True
6550,Muhlenberg,Bernie Sanders,1632.0,11.3,93,5,88,True
17119,Burnett,Donald Trump,1628.0,16.7,91,0,91,True
8776,Beaverhead,Donald Trump,1626.0,27.2,95,0,94,True
16340,New Kent,Donald Trump,1626.0,23.2,81,13,68,True
12683,Dillon,Hillary Clinton,1615.0,8.2,48,46,1,True
7840,Leake,Hillary Clinton,1614.0,10.7,50,41,8,True
7409,Ogemaw,Donald Trump,1612.0,11.3,96,0,96,True
13080,Hughes,Donald Trump,1606.0,32.0,84,1,83,True
526,Graham,Ted Cruz,1606.0,12.3,81,2,79,True
14078,Brooks,Hillary Clinton,1603.0,10.8,96,1,95,True
3687,McDonough,Donald Trump,1599.0,33.3,90,5,84,True
7955,Prentiss,Donald Trump,1597.0,11.4,84,14,70,True
784,Hot Spring,Donald Trump,1597.0,12.3,85,11,74,True
9864,Cibola,Hillary Clinton,1586.0,10.4,54,1,52,True
3320,Nez Perce,Ted Cruz,1583.0,21.1,90,0,89,True
13715,Overton,Donald Trump,1582.0,12.6,97,0,96,True
8449,McDonald,Donald Trump,1580.0,10.5,89,1,87,True
5591,Pottawattamie,Bernie Sanders,1573.0,19.1,95,1,93,True
8623,Ray,Donald Trump,1565.0,13.9,95,1,94,True
3500,Edgar,Donald Trump,1562.0,18.2,98,0,97,True
8133,Barton,Ted Cruz,1560.0,16.9,94,0,93,True
12595,Barnwell,Hillary Clinton,1560.0,11.2,53,44,9,True
15676,Zavala,Hillary Clinton,1557.0,9.4,96,1,95,True
12542,Newport,Bernie Sanders,1552.0,44.7,90,4,86,True
11534,Caddo,Bernie Sanders,1543.0,13.7,65,3,62,True
1135,Del Norte,Donald Trump,1536.0,14.0,78,3,75,True
15812,Wasatch,Ted Cruz,1529.0,33.4,95,0,95,True
5694,Sioux,Ted Cruz,1524.0,23.4,96,1,95,True
7629,Attala,Hillary Clinton,1519.0,16.0,56,42,14,True
2938,Toombs,Donald Trump,1513.0,15.2,70,26,44,True
6029,Adair,Donald Trump,1512.0,13.9,95,3,92,True
14006,Bee,Ted Cruz,1509.0,8.2,88,8,80,True
11653,Garvin,Bernie Sanders,1505.0,15.4,82,2,79,True
12555,Abbeville,Hillary Clinton,1501.0,12.2,69,28,41,True
145,Crenshaw,Donald Trump,1496.0,12.7,72,24,48,True
11624,Custer,Ted Cruz,1491.0,27.8,84,3,80,True
2343,Emanuel,Donald Trump,1489.0,11.6,63,34,29,True
12699,Edgefield,Hillary Clinton,1474.0,17.2,60,36,24,True
12990,Codington,Donald Trump,1473.0,21.9,94,0,94,True
1457,La Plata,Bernie Sanders,1466.0,41.4,89,0,88,True
2663,Meriwether,Hillary Clinton,1463.0,8.9,58,39,18,True
8106,Andrew,Donald Trump,1457.0,22.0,97,0,96,True
16249,King George,Donald Trump,1437.0,31.1,77,17,60,True
15499,Trinity,Ted Cruz,1435.0,9.9,87,9,77,True
3247,Fremont,Ted Cruz,1434.0,19.7,96,0,95,True
8316,Gasconade,Donald Trump,1429.0,15.4,97,0,97,True
9916,Los Alamos,Hillary Clinton,1424.0,63.4,89,0,88,True
14772,Jim Hogg,Hillary Clinton,1421.0,10.9,97,0,96,True
10227,Schoharie,Donald Trump,1419.0,19.3,96,1,94,True
13421,Fentress,Donald Trump,1418.0,11.1,98,0,97,True
1165,Inyo,Donald Trump,1414.0,21.4,81,1,80,True
9222,Gage,Donald Trump,1407.0,20.0,96,0,96,True
8217,Cedar,Ted Cruz,1404.0,14.6,96,0,96,True
9587,Lyon,Donald Trump,1399.0,16.7,90,1,88,True
7659,Chickasaw,Hillary Clinton,1398.0,10.0,54,43,10,True
7912,Noxubee,Hillary Clinton,1397.0,11.2,26,71,-44,False
2336,Elbert,Donald Trump,1394.0,11.3,68,29,38,True
3253,Gem,Ted Cruz,1391.0,15.8,95,0,94,True
10895,Yancey,Bernie Sanders,1386.0,17.9,96,1,95,True
14027,Blanco,Ted Cruz,1379.0,26.8,95,1,94,True
16375,Page,Donald Trump,1377.0,11.4,96,2,93,True
8521,New Madrid,Donald Trump,1376.0,12.3,81,15,65,True
586,Ashley,Hillary Clinton,1375.0,12.2,71,25,46,True
8500,Moniteau,Ted Cruz,1374.0,18.1,93,4,89,True
635,Chicot,Hillary Clinton,1370.0,12.6,43,54,-11,False
8259,Cooper,Ted Cruz,1369.0,18.4,89,7,82,True
16401,Prince Edward,Hillary Clinton,1366.0,21.9,64,32,31,True
3338,Payette,Ted Cruz,1364.0,16.4,94,0,94,True
15142,Nolan,Ted Cruz,1361.0,12.5,91,5,86,True
2945,Towns,Donald Trump,1356.0,22.7,96,1,95,True
16128,Fluvanna,Hillary Clinton,1355.0,28.8,81,15,66,True
13929,Andrews,Ted Cruz,1349.0,14.2,93,2,91,True
1539,New London,Bernie Sanders,1343.0,31.3,83,6,77,True
719,Desha,Hillary Clinton,1342.0,12.7,50,47,2,True
15717,Duchesne,Ted Cruz,1342.0,16.0,91,0,91,True
1125,Colusa,Donald Trump,1342.0,13.8,91,1,90,True
8008,Tallahatchie,Hillary Clinton,1341.0,8.5,41,56,-15,False
3741,Massac,Donald Trump,1341.0,16.7,91,5,85,True
12081,Harney,Donald Trump,1335.0,15.6,92,0,91,True
13533,Hickman,Donald Trump,1325.0,12.0,92,5,87,True
16826,Braxton,Bernie Sanders,1321.0,11.2,97,0,97,True
3780,Moultrie,Ted Cruz,1321.0,14.1,98,0,97,True
11787,McCurtain,Bernie Sanders,1314.0,13.9,67,8,58,True
8136,Bates,Donald Trump,1306.0,11.9,96,1,95,True
7349,Menominee,Donald Trump,1304.0,14.4,94,0,94,True
12536,Bristol,Bernie Sanders,1302.0,43.7,95,1,94,True
9277,Holt,Donald Trump,1302.0,19.0,98,0,97,True
10297,Yates,Donald Trump,1296.0,23.2,97,1,96,True
1719,Hendry,Donald Trump,1290.0,9.9,82,13,68,True
1979,Appling,Donald Trump,1290.0,12.8,77,19,58,True
2630,McDuffie,Donald Trump,1288.0,13.7,56,40,16,True
15782,Sanpete,Ted Cruz,1282.0,20.8,94,1,93,True
3527,Ford,Ted Cruz,1281.0,16.3,97,1,96,True
14490,Gaines,Ted Cruz,1274.0,11.9,94,2,92,True
8148,Bollinger,Donald Trump,1272.0,10.9,97,0,97,True
8074,Wilkinson,Hillary Clinton,1269.0,11.8,28,70,-41,False
8533,Nodaway,Donald Trump,1268.0,23.4,94,2,91,True
15359,Scurry,Ted Cruz,1265.0,14.4,91,5,86,True
11794,McIntosh,Bernie Sanders,1261.0,13.0,70,3,67,True
1492,Pueblo,Hillary Clinton,1260.0,21.5,90,2,88,True
9382,Otoe,Donald Trump,1255.0,23.2,96,0,96,True
9307,Keith,Donald Trump,1253.0,20.4,96,0,96,True
726,Drew,Hillary Clinton,1250.0,19.1,69,28,41,True
9036,Valley,Donald Trump,1250.0,17.1,87,0,86,True
12877,Saluda,Donald Trump,1248.0,12.4,69,26,43,True
12176,Wallowa,Donald Trump,1245.0,24.0,95,0,95,True
13302,Cannon,Donald Trump,1244.0,13.0,96,1,94,True
1044,Sharp,Donald Trump,1241.0,11.0,95,0,95,True
12017,Woodward,Ted Cruz,1235.0,17.8,91,2,89,True
131,Coosa,Donald Trump,1233.0,9.8,66,31,34,True
2735,Oglethorpe,Donald Trump,1230.0,18.0,79,17,61,True
2231,Cook,Donald Trump,1229.0,12.4,69,27,42,True
16853,Doddridge,Donald Trump,1222.0,12.4,96,1,94,True
7361,Missaukee,Donald Trump,1221.0,13.0,96,0,96,True
9132,Cherry,Donald Trump,1220.0,21.3,90,0,90,True
15314,Sabine,Donald Trump,1215.0,13.4,89,7,82,True
13950,Archer,Ted Cruz,1215.0,20.0,95,1,94,True
8086,Yalobusha,Hillary Clinton,1214.0,13.2,59,38,21,True
7623,Amite,Hillary Clinton,1212.0,11.6,57,40,17,True
15394,Somervell,Ted Cruz,1206.0,29.0,94,1,93,True
2252,Crisp,Donald Trump,1204.0,15.5,53,43,10,True
16492,Southampton,Hillary Clinton,1199.0,13.6,61,36,25,True
9087,Box Butte,Donald Trump,1188.0,17.6,92,0,91,True
16382,Patrick,Donald Trump,1182.0,10.7,92,5,86,True
9417,Red Willow,Donald Trump,1178.0,19.5,96,0,95,True
1549,Windham,Bernie Sanders,1171.0,22.3,92,2,89,True
3272,Jerome,Ted Cruz,1164.0,13.4,94,0,94,True
3314,Minidoka,Ted Cruz,1163.0,9.9,94,0,93,True
2063,Brantley,Donald Trump,1161.0,6.4,94,3,90,True
8557,Pemiscot,Donald Trump,1155.0,10.0,71,26,44,True
16452,Rockbridge,Donald Trump,1154.0,23.2,94,2,91,True
2259,Dade,Donald Trump,1151.0,17.0,95,1,94,True
14420,Falls,Ted Cruz,1150.0,10.7,71,24,47,True
14209,Coleman,Ted Cruz,1149.0,15.0,93,2,90,True
8045,Walthall,Donald Trump,1143.0,12.6,54,43,10,True
7055,Arenac,Donald Trump,1141.0,11.4,96,0,96,True
15303,Runnels,Ted Cruz,1132.0,14.9,93,2,91,True
16256,King William,Donald Trump,1131.0,19.2,77,17,60,True
9137,Cheyenne,Donald Trump,1130.0,25.3,95,0,95,True
15263,Reeves,Hillary Clinton,1128.0,10.5,91,5,86,True
9922,Luna,Donald Trump,1123.0,13.8,93,1,91,True
14889,Lamb,Ted Cruz,1121.0,14.0,91,5,85,True
16888,Hardy,Donald Trump,1119.0,9.5,94,3,91,True
6381,Knott,Bernie Sanders,1114.0,13.0,98,0,97,True
1713,Hardee,Donald Trump,1113.0,8.8,88,7,80,True
7025,Alcona,Donald Trump,1111.0,13.0,97,0,97,True
17189,Forest,Donald Trump,1110.0,12.2,81,1,80,True
6076,Bourbon,Hillary Clinton,1109.0,15.8,91,6,84,True
4676,Cerro Gordo,Bernie Sanders,1108.0,21.0,95,1,94,True
15233,Rains,Ted Cruz,1105.0,11.0,93,2,90,True
1653,Dixie,Donald Trump,1103.0,8.4,88,9,79,True
3390,Bond,Donald Trump,1102.0,19.1,90,6,84,True
8551,Ozark,Donald Trump,1099.0,12.5,97,0,96,True
1467,Mesa,Bernie Sanders,1095.0,25.7,94,1,93,True
6309,Harlan,Bernie Sanders,1092.0,10.6,95,2,93,True
2896,Tattnall,Donald Trump,1089.0,11.6,68,29,38,True
8781,Big Horn,Donald Trump,1087.0,15.5,31,0,31,True
14946,Live Oak,Ted Cruz,1081.0,14.3,92,4,87,True
8653,Ste. Genevieve,Donald Trump,1080.0,10.7,96,0,95,True
16762,Skamania,Donald Trump,1078.0,20.8,93,0,92,True
8859,Glacier,Bernie Sanders,1074.0,18.4,33,0,33,True
581,Arkansas,Donald Trump,1073.0,12.4,72,24,48,True
2532,Jeff Davis,Donald Trump,1071.0,9.6,82,15,66,True
2490,Heard,Donald Trump,1068.0,8.2,86,10,75,True
9636,Carson City,Donald Trump,1066.0,20.1,89,2,87,True
4856,Des Moines,Bernie Sanders,1066.0,18.9,90,5,84,True
3750,Menard,Ted Cruz,1064.0,22.1,97,1,95,True
17031,Summers,Bernie Sanders,1060.0,12.7,92,5,87,True
15934,Amelia,Donald Trump,1055.0,14.0,74,21,52,True
6990,Nantucket,Bernie Sanders,1051.0,44.0,88,8,80,True
9981,Socorro,Hillary Clinton,1050.0,19.4,81,1,80,True
15261,Red River,Ted Cruz,1048.0,14.5,79,17,61,True
7379,Montmorency,Donald Trump,1046.0,9.9,97,0,97,True
13785,Sequatchie,Donald Trump,1046.0,13.5,97,0,96,True
9548,Elko,Ted Cruz,1039.0,16.4,88,1,87,True
1701,Gulf,Donald Trump,1038.0,13.6,78,19,58,True
966,Poinsett,Donald Trump,1036.0,8.6,89,8,81,True
15948,Appomattox,Donald Trump,1033.0,15.0,77,19,57,True
8936,Musselshell,Donald Trump,1032.0,13.6,95,0,95,True
6161,Casey,Donald Trump,1029.0,8.4,97,0,96,True
11444,Vinton,Donald Trump,1023.0,8.5,97,0,96,True
12571,Allendale,Hillary Clinton,1022.0,15.0,25,72,-47,False
2035,Ben Hill,Donald Trump,1020.0,9.8,61,35,26,True
1220,Modoc,Donald Trump,1019.0,18.7,88,1,87,True
3996,Blackford,Donald Trump,1019.0,9.8,97,0,96,True
9992,Torrance,Donald Trump,1016.0,14.7,90,2,88,True
9977,Sierra,Donald Trump,1013.0,21.1,93,0,92,True
1403,Broomfield,Bernie Sanders,1010.0,47.5,88,1,87,True
13274,Bledsoe,Donald Trump,1009.0,9.3,92,6,86,True
7810,Kemper,Hillary Clinton,1008.0,10.4,35,60,-25,False
8791,Broadwater,Donald Trump,1001.0,19.4,96,0,95,True
10711,Pamlico,Donald Trump,999.0,18.7,77,20,56,True
13365,Crockett,Donald Trump,995.0,11.9,83,13,69,True
14328,Deaf Smith,Ted Cruz,993.0,15.6,94,2,92,True
9931,Mora,Hillary Clinton,986.0,9.5,93,1,92,True
7960,Quitman,Hillary Clinton,986.0,13.7,29,69,-40,False
8830,Deer Lodge,Hillary Clinton,986.0,18.1,93,0,92,True
9601,Nye,Donald Trump,980.0,12.3,90,2,87,True
10422,Chowan,Hillary Clinton,974.0,20.1,63,34,29,True
12811,McCormick,Hillary Clinton,973.0,18.2,49,48,1,True
707,Cross,Donald Trump,972.0,11.4,74,22,52,True
5471,Muscatine,Bernie Sanders,972.0,16.2,94,2,92,True
9952,Roosevelt,Donald Trump,966.0,21.1,91,2,88,True
8611,Ralls,Donald Trump,961.0,13.3,96,1,95,True
8991,Rosebud,Donald Trump,959.0,22.3,59,0,59,True
11743,Kingfisher,Ted Cruz,958.0,18.2,91,1,89,True
8467,Maries,Donald Trump,958.0,16.5,97,0,96,True
6998,Norfolk,Bernie Sanders,956.0,49.2,80,6,74,True
12944,Brookings,Hillary Clinton,955.0,40.2,93,1,91,True
13813,Stewart,Donald Trump,953.0,11.7,94,1,92,True
9869,Colfax,Hillary Clinton,949.0,19.8,93,0,92,True
16662,Ferry,Donald Trump,949.0,16.1,76,0,75,True
14742,Jack,Ted Cruz,943.0,10.7,93,4,88,True
8539,Oregon,Donald Trump,941.0,9.8,95,0,94,True
534,La Paz,Donald Trump,940.0,9.3,77,1,75,True
1023,Searcy,Donald Trump,939.0,12.0,95,0,95,True
10232,Schuyler,Donald Trump,938.0,16.9,96,1,95,True
9452,Seward,Donald Trump,935.0,26.1,97,0,96,True
2056,Bleckley,Donald Trump,935.0,14.9,70,26,44,True
8956,Pondera,Donald Trump,930.0,20.5,82,0,82,True
15156,Ochiltree,Ted Cruz,928.0,15.3,95,1,94,True
11604,Craig,Bernie Sanders,926.0,12.5,66,3,63,True
15611,Wilbarger,Ted Cruz,923.0,16.5,86,8,77,True
13035,Fall River,Donald Trump,923.0,22.4,87,1,86,True
1223,Mono,Bernie Sanders,917.0,29.8,91,0,90,True
780,Hempstead,Ted Cruz,917.0,14.1,66,29,36,True
15324,San Augustine,Ted Cruz,916.0,12.4,74,22,51,True
7445,Presque Isle,Donald Trump,916.0,16.3,97,0,96,True
16088,Dickenson,Donald Trump,911.0,10.5,98,0,98,True
1093,Yell,Donald Trump,911.0,9.4,93,2,91,True
14981,McCulloch,Ted Cruz,906.0,15.0,94,2,91,True
8032,Tunica,Hillary Clinton,904.0,15.4,22,75,-53,False
1993,Bacon,Donald Trump,904.0,12.1,81,16,64,True
3181,Boundary,Ted Cruz,901.0,15.4,94,0,94,True
11519,Beckham,Ted Cruz,900.0,16.4,88,4,83,True
2119,Candler,Donald Trump,897.0,14.6,73,24,48,True
9021,Teton,Donald Trump,882.0,24.5,96,0,95,True
15464,Terry,Ted Cruz,879.0,15.5,91,5,86,True
6106,Breckinridge,Hillary Clinton,877.0,9.4,95,2,93,True
805,Izard,Donald Trump,873.0,11.7,95,1,93,True
2511,Irwin,Donald Trump,869.0,10.3,71,26,44,True
3506,Edwards,Donald Trump,867.0,10.5,97,0,97,True
8811,Chouteau,Donald Trump,865.0,22.9,77,0,76,True
3259,Gooding,Ted Cruz,863.0,12.1,94,0,94,True
14139,Camp,Ted Cruz,863.0,15.2,78,16,61,True
16037,Charles City,Hillary Clinton,863.0,13.9,42,47,-5,False
9026,Toole,Donald Trump,863.0,14.6,91,0,90,True
1084,Woodruff,Hillary Clinton,862.0,10.1,70,26,43,True
4361,Switzerland,Donald Trump,858.0,9.9,97,0,96,True
7313,Mackinac,Donald Trump,856.0,18.5,75,1,73,True
16993,Pleasants,Donald Trump,855.0,10.5,97,1,95,True
14146,Carson,Ted Cruz,854.0,21.5,95,0,94,True
11751,Latimer,Bernie Sanders,852.0,13.8,68,1,67,True
16998,Pocahontas,Donald Trump,833.0,16.4,97,1,96,True
16184,Greensville,Hillary Clinton,832.0,7.2,38,59,-20,False
10817,Swain,Bernie Sanders,831.0,16.3,65,1,64,True
9167,Dawes,Donald Trump,831.0,40.6,89,1,87,True
16011,Buckingham,Donald Trump,830.0,11.9,62,34,28,True
16359,Nottoway,Hillary Clinton,829.0,12.0,57,39,18,True
9162,Dakota,Donald Trump,819.0,11.1,86,4,82,True
2971,Twiggs,Hillary Clinton,818.0,10.8,57,40,16,True
8966,Powell,Donald Trump,818.0,17.8,92,1,91,True
5772,Wapello,Hillary Clinton,817.0,16.2,94,2,92,True
15200,Pecos,Hillary Clinton,816.0,12.7,92,4,87,True
11807,Major,Ted Cruz,816.0,16.6,92,0,92,True
9457,Sheridan,Donald Trump,809.0,22.6,85,0,85,True
13005,Davison,Donald Trump,808.0,26.1,94,1,93,True
8690,Shannon,Donald Trump,808.0,11.2,95,0,95,True
1544,Tolland,Bernie Sanders,806.0,36.9,90,3,86,True
6231,Fleming,Bernie Sanders,806.0,12.8,97,1,95,True
2915,Terrell,Hillary Clinton,804.0,8.7,37,60,-23,False
2840,Screven,Donald Trump,801.0,13.0,56,41,14,True
7179,Gogebic,Bernie Sanders,790.0,18.3,90,4,86,True
10315,Alleghany,Donald Trump,790.0,18.3,95,1,93,True
17043,Tucker,Donald Trump,787.0,15.4,98,0,97,True
9152,Cuming,Donald Trump,783.0,17.5,97,0,97,True
15597,Wheeler,Ted Cruz,781.0,18.4,93,2,90,True
15221,Presidio,Hillary Clinton,776.0,23.6,94,1,92,True
9357,Merrick,Donald Trump,775.0,17.0,96,0,96,True
9062,Antelope,Donald Trump,772.0,16.7,98,0,98,True
14063,Brewster,Bernie Sanders,771.0,36.1,93,1,92,True
15752,Millard,Ted Cruz,771.0,19.0,95,0,94,True
16305,Mathews,Donald Trump,762.0,27.2,87,9,78,True
11885,Pawnee,Bernie Sanders,762.0,17.0,79,0,78,True
2315,Early,Donald Trump,760.0,12.9,48,49,-1,False
3287,Lemhi,Donald Trump,757.0,23.8,95,0,95,True
11695,Haskell,Bernie Sanders,752.0,11.4,75,0,74,True
10518,Gates,Hillary Clinton,749.0,11.6,63,33,30,True
14525,Goliad,Ted Cruz,747.0,14.2,92,5,87,True
6630,Rockcastle,Donald Trump,743.0,10.9,98,0,97,True
15569,Ward,Ted Cruz,742.0,12.5,90,4,85,True
16289,Lunenburg,Hillary Clinton,738.0,11.9,63,34,29,True
2292,Dooly,Hillary Clinton,737.0,10.1,47,50,-2,False
8836,Fallon,Donald Trump,734.0,16.1,97,0,96,True
15198,Parmer,Ted Cruz,728.0,16.2,94,1,92,True
10729,Perquimans,Donald Trump,726.0,18.4,73,24,48,True
6462,McCreary,Donald Trump,725.0,7.3,91,5,85,True
11499,Atoka,Bernie Sanders,723.0,14.2,74,4,70,True
859,Little River,Hillary Clinton,721.0,10.6,75,19,56,True
14800,Karnes,Hillary Clinton,719.0,11.2,89,8,80,True
3332,Owyhee,Ted Cruz,717.0,8.2,91,0,90,True
6682,Trigg,Bernie Sanders,715.0,18.4,89,7,81,True
15902,Windsor,Bernie Sanders,709.0,34.0,96,0,95,True
15345,San Saba,Ted Cruz,707.0,13.1,94,2,91,True
9016,Sweet Grass,Donald Trump,707.0,27.1,96,0,96,True
13240,Yankton,Hillary Clinton,706.0,26.4,92,1,90,True
7427,Oscoda,Donald Trump,705.0,10.4,97,0,96,True
11997,Washita,Bernie Sanders,700.0,18.0,91,1,90,True
9422,Richardson,Donald Trump,699.0,18.8,93,0,93,True
9362,Morrill,Donald Trump,695.0,18.3,95,0,95,True
9942,Quay,Donald Trump,695.0,13.2,92,1,90,True
3160,Boise,Donald Trump,691.0,24.1,95,0,94,True
15660,Yoakum,Ted Cruz,685.0,15.0,95,1,93,True
14595,Hansford,Ted Cruz,682.0,21.8,96,1,95,True
14974,Lynn,Ted Cruz,678.0,17.7,93,2,90,True
3145,Benewah,Ted Cruz,671.0,13.4,86,0,86,True
5364,Mahaska,Ted Cruz,669.0,21.5,95,1,94,True
11920,Pushmataha,Bernie Sanders,667.0,11.6,75,1,74,True
6045,Ballard,Bernie Sanders,659.0,13.1,94,3,91,True
2966,Turner,Donald Trump,652.0,9.8,58,39,18,True
15742,Juab,Ted Cruz,647.0,14.6,96,0,96,True
8629,Reynolds,Donald Trump,647.0,6.7,95,0,94,True
7978,Sharkey,Hillary Clinton,645.0,21.1,29,69,-40,False
3139,Bear Lake,Ted Cruz,643.0,16.1,97,0,97,True
6057,Bath,Bernie Sanders,641.0,12.0,96,1,95,True
4557,Bremer,Hillary Clinton,640.0,28.3,97,1,96,True
15728,Grand,Bernie Sanders,636.0,25.2,91,0,91,True
2609,Long,Donald Trump,633.0,14.0,68,25,42,True
15072,Mills,Ted Cruz,633.0,21.9,96,1,95,True
1695,Glades,Donald Trump,632.0,12.2,78,14,64,True
3347,Shoshone,Donald Trump,632.0,13.5,94,0,94,True
3220,Clearwater,Donald Trump,629.0,15.5,94,0,93,True
6478,Magoffin,Bernie Sanders,626.0,8.9,98,0,98,True
2910,Telfair,Donald Trump,626.0,10.9,61,36,24,True
1427,Eagle,Bernie Sanders,623.0,47.0,95,1,94,True
7029,Alger,Bernie Sanders,622.0,17.1,85,6,78,True
1986,Atkinson,Donald Trump,619.0,7.7,77,17,59,True
5861,Winneshiek,Bernie Sanders,616.0,26.5,97,0,96,True
9302,Kearney,Donald Trump,614.0,26.4,97,0,97,True
17319,Pepin,Donald Trump,607.0,17.1,98,0,97,True
9107,Burt,Donald Trump,603.0,18.3,95,0,95,True
2140,Charlton,Donald Trump,602.0,9.4,65,32,33,True
3205,Caribou,Ted Cruz,602.0,17.5,97,0,96,True
8220,Chariton,Donald Trump,597.0,11.7,96,2,93,True
11850,Okfuskee,Bernie Sanders,596.0,11.1,64,8,56,True
13729,Pickett,Donald Trump,594.0,13.0,98,0,98,True
16988,Pendleton,Donald Trump,587.0,13.0,95,2,93,True
15983,Bland,Donald Trump,584.0,14.7,95,3,91,True
6526,Metcalfe,Bernie Sanders,582.0,8.6,96,1,94,True
6263,Garrard,Donald Trump,581.0,15.2,96,2,94,True
14630,Hartley,Ted Cruz,577.0,20.6,90,7,82,True
14504,Garza,Ted Cruz,574.0,9.5,90,7,82,True
9202,Fillmore,Donald Trump,574.0,18.2,97,0,96,True
12010,Woods,Ted Cruz,574.0,27.1,89,3,86,True
1530,Litchfield,Donald Trump,568.0,33.4,94,1,92,True
15254,Real,Ted Cruz,562.0,19.5,94,0,93,True
15366,Shackelford,Ted Cruz,560.0,25.4,95,1,94,True
985,Prairie,Hillary Clinton,558.0,9.3,86,11,75,True
14898,La Salle,Hillary Clinton,557.0,5.1,96,1,95,True
16431,Rappahannock,Donald Trump,556.0,32.4,92,4,87,True
15270,Refugio,Hillary Clinton,549.0,11.2,90,6,83,True
9217,Furnas,Donald Trump,546.0,16.8,97,0,97,True
3154,Blaine,Donald Trump,543.0,44.7,95,0,95,True
6688,Trimble,Bernie Sanders,542.0,16.1,96,1,94,True
9524,Churchill,Donald Trump,538.0,16.8,85,2,83,True
9472,Stanton,Donald Trump,537.0,17.7,97,0,96,True
6209,Edmonson,Donald Trump,531.0,9.8,96,1,94,True
16787,Wahkiakum,Donald Trump,530.0,14.3,93,0,93,True
11843,Nowata,Bernie Sanders,530.0,13.8,69,2,66,True
7481,Schoolcraft,Donald Trump,529.0,12.4,86,0,86,True
14651,Hemphill,Ted Cruz,526.0,19.6,96,0,95,True
13214,Todd,Bernie Sanders,524.0,12.4,10,0,10,True
7415,Ontonagon,Donald Trump,519.0,15.3,96,0,96,True
8961,Powder River,Donald Trump,516.0,19.9,95,0,95,True
14939,Lipscomb,Ted Cruz,515.0,21.5,93,1,91,True
11744,Kiowa,Bernie Sanders,514.0,17.2,83,4,78,True
2546,Jenkins,Donald Trump,513.0,13.1,54,43,11,True
9182,Dixon,Donald Trump,513.0,16.5,97,0,96,True
2574,Lanier,Donald Trump,512.0,12.0,72,22,49,True
6414,Leslie,Donald Trump,503.0,7.3,98,0,98,True
11773,Love,Bernie Sanders,502.0,14.4,84,2,82,True
12929,Beadle,Hillary Clinton,501.0,18.6,88,1,87,True
9855,Catron,Donald Trump,501.0,18.5,93,0,92,True
6730,Wolfe,Bernie Sanders,499.0,11.8,98,0,98,True
528,Greenlee,Hillary Clinton,497.0,11.1,91,1,89,True
14160,Castro,Ted Cruz,496.0,12.8,94,2,91,True
13978,Bailey,Ted Cruz,496.0,11.1,93,1,92,True
13060,Hamlin,Donald Trump,489.0,18.2,97,0,97,True
8871,Granite,Donald Trump,487.0,26.5,96,0,96,True
8112,Atchison,Donald Trump,487.0,21.3,97,0,97,True
2350,Evans,Donald Trump,481.0,14.1,65,31,34,True
1441,Gunnison,Bernie Sanders,481.0,54.5,94,0,94,True
16240,King and Queen,Hillary Clinton,477.0,14.1,68,26,41,True
9127,Chase,Donald Trump,476.0,18.2,98,0,98,True
5712,Tama,Hillary Clinton,476.0,16.1,88,0,87,True
5606,Poweshiek,Bernie Sanders,475.0,24.1,94,1,93,True
15639,Winkler,Ted Cruz,474.0,9.6,93,3,90,True
9372,Nemaha,Donald Trump,472.0,24.9,96,1,95,True
14279,Crane,Ted Cruz,468.0,13.6,93,3,90,True
7061,Baraga,Donald Trump,468.0,12.0,73,7,65,True
9477,Thayer,Donald Trump,466.0,16.3,97,0,97,True
6141,Carlisle,Bernie Sanders,462.0,15.5,96,1,94,True
10584,Hyde,Hillary Clinton,459.0,10.7,68,29,38,True
14847,Kimble,Ted Cruz,456.0,17.6,96,0,96,True
11583,Coal,Bernie Sanders,456.0,13.3,73,0,72,True
15722,Emery,Ted Cruz,455.0,12.5,97,0,96,True
13841,Trousdale,Donald Trump,453.0,12.9,87,9,78,True
13221,Tripp,Donald Trump,452.0,21.2,82,0,82,True
9377,Nuckolls,Donald Trump,446.0,13.7,98,0,97,True
6220,Estill,Hillary Clinton,446.0,8.3,98,0,98,True
14181,Childress,Ted Cruz,444.0,18.6,87,10,76,True
6213,Elliott,Bernie Sanders,443.0,7.7,95,3,91,True
15436,Swisher,Ted Cruz,442.0,16.3,88,8,80,True
13180,Perkins,Donald Trump,441.0,17.9,96,0,96,True
9317,Kimball,Donald Trump,439.0,16.4,94,0,94,True
2952,Treutlen,Donald Trump,437.0,12.3,66,32,33,True
6983,Hampden,Donald Trump,437.0,24.5,83,10,72,True
8322,Gentry,Donald Trump,435.0,15.3,97,0,97,True
13130,Lyman,Donald Trump,432.0,19.4,58,0,57,True
17073,Wirt,Donald Trump,431.0,10.9,98,0,97,True
13030,Edmunds,Donald Trump,426.0,22.2,98,0,97,True
15865,Grand Isle,Bernie Sanders,426.0,30.3,94,0,94,True
6093,Bracken,Bernie Sanders,424.0,14.2,97,0,97,True
1487,Pitkin,Bernie Sanders,421.0,56.8,95,0,94,True
13110,Kingsbury,Donald Trump,421.0,21.3,97,0,96,True
11498,Alfalfa,Ted Cruz,421.0,21.4,88,4,84,True
8886,Judith Basin,Donald Trump,421.0,29.7,97,0,97,True
3344,Power,Ted Cruz,421.0,15.9,92,1,91,True
1473,Montezuma,Bernie Sanders,412.0,27.3,83,0,82,True
2196,Clinch,Donald Trump,412.0,12.5,69,28,40,True
8911,McCone,Donald Trump,410.0,18.6,97,0,96,True
7307,Luce,Donald Trump,407.0,12.7,79,11,68,True
1497,Routt,Bernie Sanders,406.0,48.0,96,0,95,True
14202,Coke,Ted Cruz,405.0,17.4,95,1,94,True
2406,Glascock,Donald Trump,405.0,9.6,87,9,78,True
12975,Charles Mix,Donald Trump,404.0,16.6,64,0,63,True
1405,Chaffee,Bernie Sanders,404.0,33.9,94,1,92,True
13188,Roberts,Bernie Sanders,397.0,16.5,59,0,58,True
13055,Haakon,Donald Trump,397.0,20.2,93,0,92,True
8921,Meagher,Donald Trump,394.0,17.4,96,0,96,True
14307,Dallam,Ted Cruz,390.0,10.4,93,2,91,True
11597,Cotton,Bernie Sanders,388.0,14.7,81,2,79,True
13065,Hand,Donald Trump,385.0,18.3,98,0,98,True
9041,Wheatland,Donald Trump,380.0,19.2,95,0,95,True
15429,Sutton,Ted Cruz,379.0,17.9,96,0,95,True
9227,Garden,Donald Trump,372.0,20.8,97,0,96,True
11638,Dewey,Ted Cruz,363.0,19.5,88,0,88,True
15247,Reagan,Ted Cruz,360.0,10.6,92,3,88,True
5247,Kossuth,Hillary Clinton,360.0,18.3,97,0,97,True
14364,Donley,Ted Cruz,358.0,16.7,92,5,87,True
14295,Culberson,Hillary Clinton,355.0,16.5,91,1,89,True
13999,Baylor,Ted Cruz,355.0,24.1,94,3,91,True
14293,Crosby,Ted Cruz,353.0,13.8,92,4,88,True
14195,Cochran,Ted Cruz,353.0,12.4,90,5,85,True
13206,Stanley,Donald Trump,352.0,27.4,88,0,87,True
5499,O'Brien,Ted Cruz,347.0,18.9,97,0,96,True
11969,Tillman,Bernie Sanders,346.0,16.0,82,8,74,True
12940,Bon Homme,Donald Trump,343.0,17.9,89,1,88,True
13009,Day,Hillary Clinton,343.0,16.4,88,0,87,True
13050,Gregory,Donald Trump,341.0,17.0,88,0,88,True
13140,McPherson,Donald Trump,340.0,18.4,98,0,97,True
8821,Daniels,Donald Trump,340.0,22.9,95,0,95,True
11674,Greer,Bernie Sanders,332.0,14.4,84,7,77,True
2833,Schley,Donald Trump,331.0,14.2,76,21,55,True
6514,Menifee,Bernie Sanders,323.0,12.1,95,2,92,True
13135,McCook,Donald Trump,320.0,22.1,97,0,97,True
9212,Frontier,Donald Trump,315.0,16.5,98,0,98,True
9367,Nance,Donald Trump,310.0,13.2,98,0,97,True
4599,Buena Vista,Ted Cruz,309.0,20.0,85,2,83,True
14441,Fisher,Ted Cruz,306.0,15.2,92,3,89,True
13070,Hanson,Donald Trump,305.0,22.6,98,0,98,True
9272,Hitchcock,Donald Trump,305.0,13.8,97,0,97,True
4467,Allamakee,Hillary Clinton,304.0,14.9,96,1,95,True
13201,Spink,Donald Trump,302.0,19.7,96,0,95,True
13075,Harding,Donald Trump,298.0,35.1,95,0,94,True
8352,Hickory,Donald Trump,297.0,10.4,96,0,96,True
4487,Appanoose,Donald Trump,292.0,18.3,97,0,96,True
15520,Upton,Ted Cruz,290.0,11.5,92,2,89,True
15380,Sherman,Ted Cruz,284.0,20.0,95,1,94,True
11694,Harper,Ted Cruz,280.0,16.1,95,0,95,True
14251,Concho,Ted Cruz,280.0,10.8,94,2,92,True
9177,Deuel,Donald Trump,274.0,21.8,96,0,96,True
11927,Roger Mills,Bernie Sanders,268.0,19.7,89,0,89,True
2322,Echols,Donald Trump,268.0,5.7,88,5,83,True
14350,Dickens,Ted Cruz,267.0,13.5,88,6,82,True
15352,Schleicher,Ted Cruz,266.0,21.9,95,1,93,True
10830,Tyrrell,Hillary Clinton,266.0,8.4,58,36,22,True
14223,Collingsworth,Ted Cruz,266.0,18.9,89,5,83,True
13169,Moody,Hillary Clinton,262.0,24.1,81,0,80,True
9237,Gosper,Donald Trump,259.0,18.0,97,0,96,True
1475,Montrose,Bernie Sanders,258.0,24.5,94,0,93,True
15844,Chittenden,Bernie Sanders,254.0,47.4,91,2,89,True
15829,Addison,Bernie Sanders,251.0,35.6,95,1,94,True
5232,Keokuk,Hillary Clinton,250.0,13.4,98,0,97,True
12955,Brule,Donald Trump,245.0,22.3,87,0,86,True
14076,Briscoe,Ted Cruz,244.0,17.8,94,2,91,True
15114,Motley,Ted Cruz,239.0,18.1,95,2,93,True
2887,Taliaferro,Hillary Clinton,236.0,9.3,40,56,-16,False
9046,Wibaux,Donald Trump,231.0,19.6,97,0,97,True
14735,Irion,Ted Cruz,228.0,13.0,95,1,93,True
12071,Gilliam,Donald Trump,227.0,14.7,95,0,94,True
5007,Guthrie,Hillary Clinton,220.0,17.1,98,0,97,True
9197,Dundy,Donald Trump,219.0,22.2,96,0,96,True
1509,Teller,Bernie Sanders,219.0,31.6,94,0,94,True
1499,Saguache,Bernie Sanders,219.0,23.8,92,0,91,True
13040,Faulk,Donald Trump,216.0,18.4,98,0,97,True
5532,Palo Alto,Hillary Clinton,213.0,16.5,97,0,96,True
5642,Sac,Donald Trump,212.0,19.1,98,0,97,True
14856,Kinney,Hillary Clinton,211.0,14.6,94,1,92,True
11575,Cimarron,Ted Cruz,204.0,18.5,95,0,95,True
8866,Golden Valley,Donald Trump,203.0,20.3,94,0,93,True
9312,Keya Paha,Donald Trump,203.0,17.2,98,0,98,True
14518,Glasscock,Ted Cruz,202.0,18.8,96,1,94,True
1409,Clear Creek,Bernie Sanders,199.0,39.8,95,0,94,True
15767,Rich,Ted Cruz,198.0,17.0,97,0,97,True
15471,Throckmorton,Ted Cruz,188.0,19.8,96,1,95,True
7269,Keweenaw,Bernie Sanders,188.0,23.9,98,0,98,True
4497,Audubon,Hillary Clinton,187.0,16.6,98,0,97,True
5439,Monona,Ted Cruz,185.0,14.3,97,0,96,True
2152,Chattahoochee,Hillary Clinton,182.0,27.5,72,19,52,True
12935,Bennett,Donald Trump,179.0,15.9,34,0,34,True
7773,Issaquena,Hillary Clinton,175.0,5.3,35,63,-28,False
1437,Gilpin,Bernie Sanders,173.0,29.1,93,1,91,True
9629,White Pine,Donald Trump,172.0,13.8,86,4,82,True
14995,McMullen,Ted Cruz,172.0,6.8,95,1,93,True
6588,Owsley,Donald Trump,168.0,12.4,98,0,97,True
14272,Cottle,Ted Cruz,168.0,16.1,87,10,77,True
1391,Alamosa,Bernie Sanders,167.0,24.2,87,1,85,True
8946,Petroleum,Donald Trump,167.0,15.4,98,0,98,True
11681,Harmon,Bernie Sanders,167.0,17.8,84,8,76,True
9573,Lander,Donald Trump,165.0,12.0,90,0,89,True
14034,Borden,Ted Cruz,164.0,32.1,95,0,95,True
15415,Sterling,Ted Cruz,163.0,22.3,94,1,93,True
9615,Storey,Donald Trump,161.0,21.5,91,1,90,True
1481,Ouray,Bernie Sanders,156.0,47.5,96,0,96,True
1395,Archuleta,Bernie Sanders,156.0,32.9,92,0,92,True
12924,Aurora,Hillary Clinton,150.0,16.7,96,0,95,True
1445,Huerfano,Bernie Sanders,150.0,28.0,89,1,88,True
12993,Corson,Bernie Sanders,148.0,13.8,32,0,32,True
14709,Hudspeth,Hillary Clinton,147.0,10.1,94,1,92,True
9031,Treasure,Donald Trump,143.0,21.3,94,0,94,True
15422,Stonewall,Ted Cruz,141.0,20.2,92,3,88,True
17473,Laramie,Ted Cruz,141.0,25.1,91,3,87,True
5132,Ida,Donald Trump,136.0,19.6,97,0,97,True
13211,Sully,Donald Trump,133.0,30.9,95,0,94,True
13244,Ziebach,Bernie Sanders,132.0,14.7,24,0,24,True
5622,Ringgold,Hillary Clinton,132.0,17.6,98,0,97,True
3190,Camas,Donald Trump,130.0,22.3,94,0,93,True
1103,Alpine,Bernie Sanders,129.0,31.2,70,0,70,True
9247,Greeley,Donald Trump,125.0,15.0,98,0,97,True
13195,Sanborn,Donald Trump,122.0,16.4,97,0,97,True
9282,Hooker,Donald Trump,119.0,24.7,97,0,97,True
9608,Pershing,Donald Trump,118.0,10.5,87,4,83,True
14449,Foard,Bernie Sanders,112.0,21.8,92,5,86,True
13159,Miner,Hillary Clinton,109.0,21.7,97,0,96,True
9072,Banner,Donald Trump,108.0,15.8,96,2,93,True
1461,Las Animas,Bernie Sanders,106.0,16.3,91,1,89,True
9267,Hayes,Donald Trump,103.0,19.8,98,0,98,True
9342,Loup,Donald Trump,101.0,12.6,99,0,98,True
13099,Jerauld,Hillary Clinton,96.0,15.4,98,0,97,True
13155,Mellette,Donald Trump,87.0,16.8,41,0,41,True
15762,Piute,Ted Cruz,86.0,17.0,97,0,96,True
9559,Eureka,Donald Trump,81.0,24.7,92,1,90,True
1412,Conejos,Hillary Clinton,73.0,19.1,92,0,91,True
9067,Arthur,Donald Trump,68.0,31.7,96,0,96,True
1414,Costilla,Hillary Clinton,64.0,19.5,88,1,86,True
14821,Kenedy,Hillary Clinton,63.0,10.6,93,4,89,True
1495,Rio Grande,Bernie Sanders,59.0,20.3,93,0,92,True
9552,Esmeralda,Donald Trump,46.0,13.9,89,1,88,True
1490,Prowers,Hillary Clinton,40.0,14.1,95,0,94,True
15707,Daggett,Ted Cruz,36.0,18.8,96,0,95,True
1471,Moffat,Bernie Sanders,28.0,15.6,95,0,94,True
1400,Bent,Hillary Clinton,26.0,8.8,86,7,79,True
1423,Dolores,Bernie Sanders,22.0,18.4,93,0,92,True
17477,Natrona,Hillary Clinton,20.0,22.3,93,1,92,True
1493,Rio Blanco,Bernie Sanders,18.0,23.1,94,1,93,True
1453,Kit Carson,Bernie Sanders,16.0,13.5,94,2,91,True
1415,Crowley,Bernie Sanders,16.0,12.3,84,9,74,True
1398,Baca,Hillary Clinton,15.0,17.2,94,1,93,True
14960,Loving,Ted Cruz,14.0,7.9,96,0,96,True
1506,Sedgwick,Hillary Clinton,13.0,15.0,95,0,94,True
17488,Sweetwater,Bernie Sanders,12.0,18.1,94,1,92,True
1443,Hinsdale,Bernie Sanders,10.0,42.2,95,0,95,True
17492,Uinta,Bernie Sanders,5.0,18.9,95,0,94,True
6821,Oxford,Bernie Sanders,4.0,18.9,96,0,96,True
6823,Penobscot,Bernie Sanders,4.0,23.8,95,0,94,True
17456,Converse,Bernie Sanders,3.0,18.8,95,1,94,True
17463,Goshen,Hillary Clinton,3.0,20.5,95,1,94,True
17486,Sublette,Bernie Sanders,3.0,23.3,94,1,93,True
17495,Washakie,Hillary Clinton,2.0,23.6,94,0,94,True
17478,Niobrara,Bernie Sanders,2.0,18.5,95,1,93,True
17497,Weston,Hillary Clinton,1.0,17.2,95,0,94,True
17465,Hot Springs,Hillary Clinton,1.0,17.9,95,0,94,True
6828,Waldo,Bernie Sanders,0.0,28.2,96,0,96,True
0,United States,,,28.8,77,13,64,True
1,Alabama,,,22.6,69,26,43,True
471,Alaska,,,27.5,66,3,63,True
472,Aleutians East Borough,,,12.0,22,12,10,True
473,Aleutians West Census Area,,,13.3,37,7,30,True
474,Anchorage Municipality,,,32.8,66,6,59,True
475,Bethel Census Area,,,11.7,12,0,11,True
476,Bristol Bay Borough,,,19.4,46,0,46,True
477,Denali Borough,,,28.1,86,1,84,True
478,Dillingham Census Area,,,17.8,18,0,18,True
479,Fairbanks North Star Borough,,,29.0,77,5,71,True
480,Haines Borough,,,30.1,79,0,78,True
481,Hoonah-Angoon Census Area,,,26.9,48,0,48,True
482,Juneau City and Borough,,,36.7,69,1,68,True
483,Kenai Peninsula Borough,,,23.7,84,0,83,True
484,Ketchikan Gateway Borough,,,25.4,68,0,67,True
485,Kodiak Island Borough,,,20.0,57,1,55,True
486,Lake and Peninsula Borough,,,15.4,25,1,24,True
487,Matanuska-Susitna Borough,,,21.3,83,1,82,True
488,Nome Census Area,,,17.1,17,0,16,True
489,North Slope Borough,,,14.5,33,1,32,True
490,Northwest Arctic Borough,,,11.0,13,1,12,True
491,Petersburg Borough,,,25.7,77,1,76,True
492,Prince of Wales-Hyder Census Area,,,15.7,47,0,46,True
493,Sitka City and Borough,,,34.1,67,1,65,True
494,Skagway Municipality,,,24.3,89,0,89,True
495,Southeast Fairbanks Census Area,,,23.1,80,1,78,True
496,Valdez-Cordova Census Area,,,23.9,74,0,73,True
497,Wade Hampton Census Area,,,5.4,5,0,5,True
498,Wrangell City and Borough,,,16.7,70,0,70,True
499,Yakutat City and Borough,,,22.7,39,2,37,True
500,Yukon-Koyukuk Census Area,,,9.3,23,0,22,True
501,Arizona,,,26.9,83,4,79,True
1005,St. Francis,,,11.7,44,52,-8,False
1097,California,,,30.7,73,6,66,True
1517,Connecticut,,,36.5,81,11,69,True
1570,District Of Columbia,,,52.4,43,49,-5,False
1571,District of Columbia,,,52.4,43,49,-5,False
1572,Florida,,,26.4,77,16,61,True
1975,Georgia,,,28.0,62,31,30,True
3102,Kalawao,,,41.5,28,0,28,True
3115,Idaho,,,25.1,93,0,92,True
3375,Illinois,,,31.4,77,14,62,True
3485,De Witt,,,16.8,97,0,96,True
3618,Jo Daviess,,,23.7,97,0,97,True
5920,Kansas,,,30.3,86,6,80,True
5924,Barber,,,19.8,96,0,95,True
5935,Cloud,,,16.6,96,0,95,True
5936,Coffey,,,19.9,96,0,95,True
5938,Cowley,,,20.0,89,3,86,True
5942,Doniphan,,,17.5,92,3,88,True
5947,Ellsworth,,,20.8,92,5,87,True
5948,Finney,,,17.9,89,3,86,True
5951,Geary,,,20.8,69,18,50,True
5952,Gove,,,20.3,98,0,97,True
5960,Harvey,,,26.3,94,1,92,True
5962,Hodgeman,,,22.6,97,0,96,True
5965,Jewell,,,14.7,97,0,97,True
5967,Kearny,,,17.2,95,0,94,True
5968,Kingman,,,19.3,96,0,96,True
5970,Labette,,,20.4,88,4,84,True
5972,Leavenworth,,,28.7,85,9,75,True
5985,Morton,,,17.5,92,0,92,True
5987,Neosho,,,16.2,94,1,93,True
5988,Ness,,,19.0,96,0,95,True
5989,Norton,,,15.4,94,3,91,True
5991,Osborne,,,18.0,97,0,97,True
5996,Pratt,,,23.4,94,1,93,True
5997,Rawlins,,,23.3,97,0,97,True
5998,Reno,,,19.8,92,3,89,True
5999,Republic,,,19.8,97,0,96,True
6000,Rice,,,20.9,94,1,92,True
6001,Riley,,,45.0,84,6,77,True
6002,Rooks,,,20.9,97,0,96,True
6009,Shawnee,,,28.6,84,8,75,True
6018,Trego,,,21.5,97,0,96,True
6019,Wabaunsee,,,20.6,96,0,95,True
6020,Wallace,,,23.5,96,0,95,True
6024,Woodson,,,18.2,95,0,95,True
6025,Wyandotte,,,15.5,66,24,42,True
6026,Kentucky,,,21.5,88,8,80,True
6393,Larue,,,11.1,94,3,91,True
6742,Louisiana,,,21.8,63,32,30,True
6743,Acadia Parish,,,10.2,79,18,61,True
6744,Allen Parish,,,11.1,71,23,48,True
6745,Ascension Parish,,,24.9,74,22,51,True
6746,Assumption Parish,,,9.7,68,29,38,True
6747,Avoyelles Parish,,,9.7,66,29,37,True
6748,Beauregard Parish,,,15.0,82,13,68,True
6749,Bienville Parish,,,11.1,56,41,14,True
6750,Bossier Parish,,,25.2,73,21,51,True
6751,Caddo Parish,,,22.7,48,48,0,True
6752,Calcasieu Parish,,,19.9,71,25,45,True
6753,Caldwell Parish,,,8.2,81,17,64,True
6754,Cameron Parish,,,15.4,94,4,89,True
6755,Catahoula Parish,,,11.2,66,32,34,True
6756,Claiborne Parish,,,12.5,46,50,-4,False
6757,Concordia Parish,,,11.3,57,40,17,True
6758,De Soto Parish,,,11.3,59,38,21,True
6759,East Baton Rouge Parish,,,34.2,48,46,2,True
6760,East Carroll Parish,,,9.2,30,67,-37,False
6761,East Feliciana Parish,,,13.0,53,44,9,True
6762,Evangeline Parish,,,11.4,69,28,41,True
6763,Franklin Parish,,,11.6,66,32,34,True
6764,Grant Parish,,,10.2,80,16,64,True
6765,Iberia Parish,,,13.6,62,32,30,True
6766,Iberville Parish,,,12.8,49,49,0,True
6767,Jackson Parish,,,13.8,69,29,39,True
6768,Jefferson Parish,,,23.6,66,27,39,True
6769,Jefferson Davis Parish,,,13.0,79,17,62,True
6770,Lafayette Parish,,,28.3,70,26,44,True
6771,Lafourche Parish,,,14.8,80,13,66,True
6772,La Salle Parish,,,12.9,85,12,72,True
6773,Lincoln Parish,,,34.4,55,41,13,True
6774,Livingston Parish,,,17.5,91,6,85,True
6775,Madison Parish,,,11.2,36,62,-25,False
6776,Morehouse Parish,,,12.9,50,47,2,True
6777,Natchitoches Parish,,,21.6,54,41,13,True
6778,Orleans Parish,,,33.7,35,59,-24,False
6779,Ouachita Parish,,,22.9,60,37,22,True
6780,Plaquemines Parish,,,15.3,71,20,50,True
6781,Pointe Coupee Parish,,,14.3,62,35,26,True
6782,Rapides Parish,,,18.3,63,32,31,True
6783,Red River Parish,,,11.9,58,39,19,True
6784,Richland Parish,,,13.2,62,35,27,True
6785,Sabine Parish,,,13.0,70,16,53,True
6786,St. Bernard Parish,,,12.0,72,22,49,True
6787,St. Charles Parish,,,19.7,70,26,43,True
6788,St. Helena Parish,,,10.3,45,53,-7,False
6789,St. James Parish,,,13.0,49,49,0,True
6790,St. John the Baptist Parish,,,14.5,42,55,-13,False
6791,St. Landry Parish,,,13.2,56,41,15,True
6792,St. Martin Parish,,,13.3,66,30,36,True
6793,St. Mary Parish,,,10.8,61,32,29,True
6794,St. Tammany Parish,,,30.1,84,12,72,True
6795,Tangipahoa Parish,,,19.4,67,30,37,True
6796,Tensas Parish,,,10.3,43,54,-11,False
6797,Terrebonne Parish,,,13.4,71,19,52,True
6798,Union Parish,,,13.1,72,26,46,True
6799,Vermilion Parish,,,12.6,81,14,66,True
6800,Vernon Parish,,,18.8,77,14,62,True
6801,Washington Parish,,,11.2,67,30,37,True
6802,Webster Parish,,,13.6,63,34,29,True
6803,West Baton Rouge Parish,,,18.0,59,38,21,True
6804,West Carroll Parish,,,9.5,81,16,65,True
6805,West Feliciana Parish,,,18.8,52,45,7,True
6806,Winn Parish,,,11.3,66,30,35,True
6807,Maine,,,27.9,95,1,93,True
6808,Androscoggin,,,18.8,92,3,89,True
6809,Aroostook,,,16.7,95,0,94,True
6816,Kennebec,,,24.6,96,0,95,True
6825,Piscataquis,,,16.4,96,0,96,True
6826,Sagadahoc,,,32.3,96,0,95,True
6834,Maryland,,,36.8,60,30,29,True
6950,Baltimore city,,,26.8,31,63,-31,False
6951,Massachusetts,,,39.4,82,8,74,True
6960,Berkshire,,,30.3,92,3,89,True
6962,Dukes,,,40.7,90,3,87,True
7022,Michigan,,,25.9,79,14,65,True
7521,Minnesota,,,32.6,85,5,79,True
7522,Aitkin,,,14.7,94,0,94,True
7523,Anoka,,,26.9,86,5,81,True
7524,Becker,,,21.3,87,0,87,True
7525,Beltrami,,,26.9,74,0,73,True
7527,Big Stone,,,17.6,98,0,97,True
7528,Blue Earth,,,30.5,92,3,88,True
7530,Carlton,,,21.3,89,1,87,True
7531,Carver,,,44.5,93,1,91,True
7534,Chisago,,,21.0,95,1,94,True
7538,Cottonwood,,,17.2,93,1,92,True
7539,Crow Wing,,,22.5,96,0,95,True
7543,Faribault,,,16.9,97,0,97,True
7545,Freeborn,,,14.8,95,1,94,True
7546,Goodhue,,,22.9,95,1,93,True
7548,Hennepin,,,45.8,75,12,63,True
7550,Hubbard,,,23.6,94,0,94,True
7551,Isanti,,,16.5,96,0,95,True
7552,Itasca,,,21.4,93,0,92,True
7554,Kanabec,,,13.1,96,0,96,True
7555,Kandiyohi,,,20.7,94,3,90,True
7556,Kittson,,,20.7,98,0,97,True
7557,Koochiching,,,17.2,94,0,93,True
7558,Lac qui Parle,,,17.6,97,0,97,True
7560,Lake of the Woods,,,13.8,95,0,95,True
7561,Le Sueur,,,22.3,97,0,96,True
7564,McLeod,,,17.7,97,0,96,True
7565,Mahnomen,,,13.3,48,0,48,True
7568,Meeker,,,17.7,97,0,97,True
7569,Mille Lacs,,,15.0,91,0,90,True
7570,Morrison,,,16.0,97,0,96,True
7571,Mower,,,16.6,92,3,88,True
7573,Nicollet,,,32.1,94,2,91,True
7574,Nobles,,,14.5,86,4,81,True
7575,Norman,,,14.3,94,0,93,True
7576,Olmsted,,,40.1,85,5,80,True
7577,Otter Tail,,,22.4,96,1,95,True
7579,Pine,,,13.5,92,2,89,True
7580,Pipestone,,,16.8,94,1,93,True
7583,Ramsey,,,39.4,70,11,58,True
7584,Red Lake,,,16.0,95,0,94,True
7585,Redwood,,,16.4,89,0,88,True
7586,Renville,,,14.6,96,0,95,True
7589,Roseau,,,17.9,93,0,93,True
7590,St. Louis,,,26.1,92,1,91,True
7592,Sherburne,,,25.1,94,2,92,True
7593,Sibley,,,14.5,97,0,96,True
7594,Stearns,,,24.6,91,3,88,True
7595,Steele,,,24.9,94,2,92,True
7597,Swift,,,17.0,96,0,96,True
7599,Traverse,,,15.1,92,0,91,True
7600,Wabasha,,,20.0,97,0,96,True
7601,Wadena,,,13.6,96,1,95,True
7602,Waseca,,,18.8,94,2,91,True
7604,Watonwan,,,15.9,94,1,93,True
7605,Wilkin,,,16.5,96,0,96,True
7606,Winona,,,26.8,94,1,92,True
7608,Yellow Medicine,,,17.4,94,0,93,True
7802,Jefferson Davis,,,14.4,38,59,-21,False
8097,Missouri,,,26.2,83,11,71,True
8410,Laclede,,,12.9,95,0,94,True
8772,St. Louis city,,,29.6,46,47,0,False
8773,Montana,,,28.7,89,0,88,True
9054,Nebraska,,,28.5,89,4,84,True
9640,New Hampshire,,,33.7,94,1,92,True
9741,New Jersey,,,35.8,73,14,58,True
9847,New Mexico,,,25.8,82,2,80,True
9878,De Baca,,,17.9,93,0,93,True
9879,Doa Ana,,,26.6,92,2,89,True
10005,New York,,,33.2,70,17,52,True
10214,St. Lawrence,,,20.4,93,2,91,True
10300,North Carolina,,,27.3,71,22,49,True
10901,North Dakota,,,27.2,89,2,87,True
10903,Barnes,,,26.2,94,1,93,True
10904,Benson,,,11.6,43,0,42,True
10905,Billings,,,21.6,95,0,94,True
10906,Bottineau,,,20.9,94,0,93,True
10907,Bowman,,,20.7,95,0,95,True
10909,Burleigh,,,33.2,92,1,91,True
10911,Cavalier,,,16.4,97,0,96,True
10912,Dickey,,,23.6,96,1,95,True
10913,Divide,,,21.8,96,0,95,True
10916,Emmons,,,14.4,98,0,98,True
10917,Foster,,,19.6,97,0,97,True
10919,Grand Forks,,,32.6,88,3,85,True
10921,Griggs,,,14.8,98,0,98,True
10922,Hettinger,,,17.3,94,0,93,True
10923,Kidder,,,19.4,97,0,96,True
10924,LaMoure,,,21.5,98,0,98,True
10928,McKenzie,,,22.3,81,1,80,True
10932,Mountrail,,,18.3,68,0,67,True
10934,Oliver,,,16.4,95,0,94,True
10935,Pembina,,,19.2,95,0,95,True
10938,Ransom,,,16.5,97,0,96,True
10941,Rolette,,,19.9,20,0,20,True
10942,Sargent,,,17.9,96,0,95,True
10945,Slope,,,22.5,96,0,95,True
10948,Stutsman,,,23.7,95,1,94,True
10949,Towner,,,21.8,94,0,94,True
10950,Traill,,,28.9,96,0,95,True
10951,Walsh,,,18.3,95,0,95,True
11758,Le Flore,,,12.9,77,2,75,True
12199,Pennsylvania,,,27.5,82,11,71,True
12535,Rhode Island,,,31.3,85,7,77,True
12553,South Carolina,,,25.1,68,27,40,True
12922,South Dakota,,,26.2,85,1,83,True
13249,Tennessee,,,23.8,78,17,61,True
14343,DeWitt,,,12.4,87,9,78,True
14904,Lavaca,,,16.3,90,7,83,True
15828,Vermont,,,34.8,95,1,93,True
15843,Caledonia,,,26.6,96,0,95,True
15872,Lamoille,,,36.4,96,0,95,True
15909,Virginia,,,35.2,70,19,50,True
16575,Alexandria city,,,61.4,66,22,43,True
16576,Bedford city,,,25.0,0,0,0,True
16577,Bristol city,,,19.6,91,5,85,True
16578,Buena Vista city,,,14.9,90,5,85,True
16579,Charlottesville city,,,49.9,69,19,50,True
16580,Chesapeake city,,,29.3,62,30,32,True
16581,Colonial Heights city,,,20.5,79,13,65,True
16582,Covington city,,,8.3,83,12,70,True
16583,Danville city,,,17.2,47,49,-1,False
16584,Emporia city,,,16.0,33,63,-30,False
16585,Fairfax city,,,51.9,73,5,67,True
16586,Falls Church city,,,74.4,80,5,75,True
16587,Franklin city,,,20.6,39,57,-18,False
16588,Fredericksburg city,,,35.1,68,24,44,True
16589,Galax city,,,14.5,89,7,82,True
16590,Hampton city,,,22.5,43,49,-6,False
16591,Harrisonburg city,,,35.1,84,8,75,True
16592,Hopewell city,,,10.2,55,39,16,True
16593,Lexington city,,,41.7,84,9,75,True
16594,Lynchburg city,,,31.2,65,28,37,True
16595,Manassas city,,,28.7,73,15,58,True
16596,Manassas Park city,,,26.0,69,15,54,True
16597,Martinsville city,,,16.7,51,45,6,True
16598,Newport News city,,,23.9,50,41,9,True
16599,Norfolk city,,,25.3,49,42,6,True
16600,Norton city,,,20.5,89,6,82,True
16601,Petersburg city,,,14.9,18,77,-59,False
16602,Poquoson city,,,37.2,94,1,93,True
16603,Portsmouth city,,,19.5,41,53,-11,False
16604,Radford city,,,32.1,86,9,76,True
16605,Richmond city,,,34.8,44,49,-5,False
16606,Roanoke city,,,23.6,65,29,36,True
16607,Salem city,,,30.8,88,7,81,True
16608,Staunton city,,,28.0,83,12,71,True
16609,Suffolk city,,,26.2,52,42,9,True
16610,Virginia Beach city,,,32.9,68,20,48,True
16611,Waynesboro city,,,19.1,83,11,72,True
16612,Williamsburg city,,,49.8,75,15,60,True
16613,Winchester city,,,28.6,81,11,70,True
16810,West Virginia,,,18.3,93,3,90,True
17086,Wisconsin,,,26.8,87,6,81,True
